Object_names,0
Solar|PVInvest1|AFG,0.23599557601502533
Solar|PVInvest2|AFG,0.23117661898351188
Solar|PVInvest3|AFG,0.22807340908766605
Solar|PVInvest4|AFG,0.22636645600224078
Wind|WINDInvest0|AFG,0.503326059830917
Wind|WINDInvest1|AFG,0.4793535829503745
Wind|WINDInvest2|AFG,0.45293348736356503
Wind|WINDInvest3|AFG,0.41898326782515927
Wind|WINDInvest4|AFG,0.41215520173779746
Solar|PVInvest0|AGO,0.2666191063312243
Solar|PVInvest1|AGO,0.2645083146150459
Solar|PVInvest2|AGO,0.26357623682090225
Solar|PVInvest3|AGO,0.2627579405322038
Solar|PVInvest4|AGO,0.2620996408370521
Wind|WINDInvest0|AGO,0.04118057237964355
Wind|WINDInvest1|AGO,0.0411805723797957
Wind|WINDInvest2|AGO,0.04118057237983816
Wind|WINDInvest3|AGO,0.03298311456155922
Wind|WINDInvest4|AGO,0.03217253477966965
Wind|WIND_OFFSHOREInvest0|AGO,0.5138835825143732
Wind|WIND_OFFSHOREInvest1|AGO,0.5138835825143745
Wind|WIND_OFFSHOREInvest2|AGO,0.5138835825143737
Wind|WIND_OFFSHOREInvest3|AGO,0.5138835825143738
Wind|WIND_OFFSHOREInvest4|AGO,0.5138835825143738
Solar|PVInvest0|ALB,0.2021584715239567
Solar|PVInvest1|ALB,0.2018620345230428
Solar|PVInvest2|ALB,0.2012005359751398
Solar|PVInvest3|ALB,0.20120053597513984
Solar|PVInvest4|ALB,0.2012005359751397
Wind|WINDInvest0|ALB,0.0704646402004433
Wind|WINDInvest1|ALB,0.07046464020044328
Wind|WINDInvest2|ALB,0.07046464019948953
Wind|WINDInvest3|ALB,0.07046464020136578
Wind|WINDInvest4|ALB,0.07046464020047456
Wind|WIND_OFFSHOREInvest0|ALB,0.31404759693117923
Wind|WIND_OFFSHOREInvest1|ALB,0.31404759693117923
Wind|WIND_OFFSHOREInvest2|ALB,0.31404759693117923
Wind|WIND_OFFSHOREInvest3|ALB,0.31404759693117923
Wind|WIND_OFFSHOREInvest4|ALB,0.31404759693117923
Solar|PVInvest0|ARE,0.25890707191780565
Solar|PVInvest1|ARE,0.22725320176073274
Solar|PVInvest2|ARE,0.22252863233270806
Solar|PVInvest3|ARE,0.22252863233269843
Solar|PVInvest4|ARE,0.22252863233270914
Wind|WINDInvest0|ARE,0.13014899314001513
Wind|WINDInvest1|ARE,0.13014899314001513
Wind|WINDInvest2|ARE,0.13014899314001513
Wind|WINDInvest3|ARE,0.13014899314001513
Wind|WINDInvest4|ARE,0.13014899314001513
Solar|PVInvest0|ARG,0.28466420565593065
Solar|PVInvest1|ARG,0.2510682766742721
Solar|PVInvest2|ARG,0.23587547901676234
Solar|PVInvest3|ARG,0.2302526827171548
Solar|PVInvest4|ARG,0.22625936258178145
Wind|WINDInvest0|ARG,0.43704334389110794
Wind|WINDInvest1|ARG,0.39859205061623215
Wind|WINDInvest2|ARG,0.341592708300169
Wind|WINDInvest3|ARG,0.3167094219810427
Wind|WINDInvest4|ARG,0.28162147988630926
Wind|WIND_OFFSHOREInvest0|ARG,0.7461935227401792
Wind|WIND_OFFSHOREInvest1|ARG,0.7244658480478586
Wind|WIND_OFFSHOREInvest2|ARG,0.7032976618468864
Wind|WIND_OFFSHOREInvest3|ARG,0.6514682184843705
Wind|WIND_OFFSHOREInvest4|ARG,0.6372473544624612
Solar|PVInvest0|ARM,0.2006478417428265
Solar|PVInvest1|ARM,0.19969703484239623
Solar|PVInvest2|ARM,0.19504833547711675
Solar|PVInvest3|ARM,0.19269734637535624
Solar|PVInvest4|ARM,0.19269734637532937
Solar|PVInvest0|ATG,0.2729519488992973
Solar|PVInvest1|ATG,0.2729519488996235
Solar|PVInvest2|ATG,0.272951948900346
Solar|PVInvest3|ATG,0.27295194890020563
Solar|PVInvest4|ATG,0.2729519489000192
Wind|WIND_OFFSHOREInvest0|ATG,0.524451494242072
Wind|WIND_OFFSHOREInvest1|ATG,0.5244514942396651
Wind|WIND_OFFSHOREInvest2|ATG,0.5244514942443196
Wind|WIND_OFFSHOREInvest3|ATG,0.5244514942420981
Wind|WIND_OFFSHOREInvest4|ATG,0.5244514942422005
Solar|PVInvest0|AUS,0.20290603227250367
Solar|PVInvest1|AUS,0.19905520244294
Solar|PVInvest2|AUS,0.19688922762860905
Solar|PVInvest3|AUS,0.19543627156778157
Solar|PVInvest4|AUS,0.19424052438046194
Wind|WINDInvest0|AUS,0.2383742119297024
Wind|WINDInvest1|AUS,0.20941067838224137
Wind|WINDInvest2|AUS,0.19610451853399452
Wind|WINDInvest3|AUS,0.1877302876203582
Wind|WINDInvest4|AUS,0.17999175374013096
Wind|WIND_OFFSHOREInvest0|AUS,0.5066345315424834
Wind|WIND_OFFSHOREInvest1|AUS,0.49410239942160494
Wind|WIND_OFFSHOREInvest2|AUS,0.4826464823618258
Wind|WIND_OFFSHOREInvest3|AUS,0.4767720342036372
Wind|WIND_OFFSHOREInvest4|AUS,0.4721664231204825
Solar|PVInvest0|AUT,0.15718404327202926
Solar|PVInvest1|AUT,0.15718404327202926
Solar|PVInvest2|AUT,0.15652496676934452
Solar|PVInvest3|AUT,0.15615221437584698
Solar|PVInvest4|AUT,0.15523732141574775
Wind|WINDInvest0|AUT,0.08687122084692935
Wind|WINDInvest1|AUT,0.08687122084693046
Wind|WINDInvest2|AUT,0.08687122084692932
Wind|WINDInvest3|AUT,0.08687122084692961
Wind|WINDInvest4|AUT,0.08687122084687389
Solar|PVInvest0|AZE,0.20878290827539323
Solar|PVInvest1|AZE,0.20550750885335023
Solar|PVInvest2|AZE,0.20105356042997874
Solar|PVInvest3|AZE,0.19576217018175465
Solar|PVInvest4|AZE,0.193148961624196
Wind|WINDInvest0|AZE,0.07613908335533225
Wind|WINDInvest1|AZE,0.07613908335533225
Wind|WINDInvest2|AZE,0.07613908335533225
Wind|WINDInvest3|AZE,0.07613908335533225
Wind|WINDInvest4|AZE,0.07613908335533225
Wind|WIND_OFFSHOREInvest0|AZE,0.42676509368126864
Wind|WIND_OFFSHOREInvest1|AZE,0.42676509368115895
Wind|WIND_OFFSHOREInvest2|AZE,0.4267650936810082
Wind|WIND_OFFSHOREInvest3|AZE,0.42676509368062954
Wind|WIND_OFFSHOREInvest4|AZE,0.4267650936804848
Solar|PVInvest0|BDI,0.22986078048376485
Solar|PVInvest1|BDI,0.22798530242577114
Solar|PVInvest2|BDI,0.227985302425753
Solar|PVInvest3|BDI,0.22798530242574827
Solar|PVInvest4|BDI,0.22418845934552817
Solar|PVInvest0|BEL,0.1341787482142176
Solar|PVInvest1|BEL,0.13104644848330058
Solar|PVInvest2|BEL,0.1310464484832942
Solar|PVInvest3|BEL,0.131041650537217
Solar|PVInvest4|BEL,0.13096106838608837
Wind|WINDInvest0|BEL,0.16477401042904227
Wind|WINDInvest1|BEL,0.16477401042897874
Wind|WINDInvest2|BEL,0.1647740104290586
Wind|WINDInvest3|BEL,0.1647740104290003
Wind|WINDInvest4|BEL,0.16477401042909273
Wind|WIND_OFFSHOREInvest0|BEL,0.5145771633146417
Wind|WIND_OFFSHOREInvest1|BEL,0.5145771633146417
Wind|WIND_OFFSHOREInvest2|BEL,0.5145771633146417
Wind|WIND_OFFSHOREInvest3|BEL,0.5145771633146417
Wind|WIND_OFFSHOREInvest4|BEL,0.5145771633146417
Solar|PVInvest0|BEN,0.2395646627761679
Solar|PVInvest1|BEN,0.23835415116770828
Solar|PVInvest2|BEN,0.23738116826687056
Solar|PVInvest3|BEN,0.23622817258541084
Solar|PVInvest4|BEN,0.23069051541111224
Solar|PVInvest0|BFA,0.23616687280542234
Solar|PVInvest1|BFA,0.23593421329703315
Solar|PVInvest2|BFA,0.23563323781822562
Solar|PVInvest3|BFA,0.23543222750963125
Solar|PVInvest4|BFA,0.23487225386096186
Wind|WINDInvest0|BFA,0.04136574362386765
Wind|WINDInvest1|BFA,0.04136574362386765
Wind|WINDInvest2|BFA,0.04136574362377062
Wind|WINDInvest3|BFA,0.041365743623964696
Wind|WINDInvest4|BFA,0.041365743623865046
Solar|PVInvest0|BGD,0.20484795662378355
Solar|PVInvest1|BGD,0.20461647785807272
Solar|PVInvest2|BGD,0.20445296434795582
Solar|PVInvest3|BGD,0.20422401049088368
Solar|PVInvest4|BGD,0.20042306087173153
Wind|WINDInvest0|BGD,0.07644021628860287
Wind|WINDInvest1|BGD,0.07644021628828215
Wind|WINDInvest2|BGD,0.07644021628892103
Wind|WINDInvest3|BGD,0.07644021628865626
Wind|WINDInvest4|BGD,0.07644021628863132
Solar|PVInvest0|BGR,0.18118199856895986
Solar|PVInvest1|BGR,0.17784527766466465
Solar|PVInvest2|BGR,0.17757135478468872
Solar|PVInvest3|BGR,0.17652710135145783
Solar|PVInvest4|BGR,0.17432154241790637
Wind|WINDInvest0|BGR,0.11509076989076789
Wind|WINDInvest1|BGR,0.11509076989079488
Wind|WINDInvest2|BGR,0.11509076989053053
Wind|WINDInvest3|BGR,0.07149223651531532
Wind|WINDInvest4|BGR,0.05030963602778061
Wind|WIND_OFFSHOREInvest0|BGR,0.37966076319693715
Wind|WIND_OFFSHOREInvest1|BGR,0.3796607631967761
Wind|WIND_OFFSHOREInvest2|BGR,0.37966076319706615
Wind|WIND_OFFSHOREInvest3|BGR,0.3796607631969288
Wind|WIND_OFFSHOREInvest4|BGR,0.3796607631969776
Solar|PVInvest0|BHR,0.2805603008969346
Solar|PVInvest1|BHR,0.2805603008969346
Solar|PVInvest2|BHR,0.2805603008969346
Solar|PVInvest3|BHR,0.2805603008969346
Solar|PVInvest4|BHR,0.2805603008969346
Wind|WIND_OFFSHOREInvest0|BHR,0.2923889241861503
Wind|WIND_OFFSHOREInvest1|BHR,0.2923889241861503
Wind|WIND_OFFSHOREInvest2|BHR,0.2923889241861503
Wind|WIND_OFFSHOREInvest3|BHR,0.2923889241861503
Wind|WIND_OFFSHOREInvest4|BHR,0.2923889241861503
Solar|PVInvest0|BHS,0.273320507875432
Solar|PVInvest1|BHS,0.27332050787543205
Solar|PVInvest2|BHS,0.2727338916528533
Solar|PVInvest3|BHS,0.26906458603806505
Solar|PVInvest4|BHS,0.2673678850384756
Wind|WINDInvest0|BHS,0.41550870450504107
Wind|WINDInvest1|BHS,0.41550870450504107
Wind|WINDInvest2|BHS,0.41550870450504107
Wind|WINDInvest3|BHS,0.41550870450504107
Wind|WINDInvest4|BHS,0.41550870450504107
Wind|WIND_OFFSHOREInvest0|BHS,0.5522641054234337
Wind|WIND_OFFSHOREInvest1|BHS,0.5276879734177371
Wind|WIND_OFFSHOREInvest2|BHS,0.4986304404922738
Wind|WIND_OFFSHOREInvest3|BHS,0.4891737723496756
Wind|WIND_OFFSHOREInvest4|BHS,0.48667904516192984
Solar|PVInvest0|BIH,0.18436722790007887
Solar|PVInvest1|BIH,0.18436722790097484
Solar|PVInvest2|BIH,0.17870645853441117
Solar|PVInvest3|BIH,0.17247315829784268
Solar|PVInvest4|BIH,0.17117626883082185
Wind|WINDInvest0|BIH,0.03361327410339503
Wind|WINDInvest1|BIH,0.033613274103710275
Wind|WINDInvest2|BIH,0.033613274103590295
Wind|WINDInvest3|BIH,0.03361327410357195
Wind|WINDInvest4|BIH,0.03361327410356488
Solar|PVInvest0|BLR,0.13723564110971914
Solar|PVInvest1|BLR,0.13544269315037835
Solar|PVInvest2|BLR,0.13349074742989953
Solar|PVInvest3|BLR,0.1311279246907205
Solar|PVInvest4|BLR,0.129975237083723
Wind|WINDInvest0|BLR,0.1477404088035611
Wind|WINDInvest1|BLR,0.14497486974289456
Wind|WINDInvest2|BLR,0.13591053418240845
Wind|WINDInvest3|BLR,0.13448309028031677
Wind|WINDInvest4|BLR,0.13295983952784587
Solar|PVInvest0|BOL,0.2958821879342199
Solar|PVInvest1|BOL,0.29309771930559536
Solar|PVInvest2|BOL,0.28599569359076654
Solar|PVInvest3|BOL,0.28192948693449754
Solar|PVInvest4|BOL,0.2797709437478213
Wind|WINDInvest0|BOL,0.1558900366516264
Wind|WINDInvest1|BOL,0.1558900366519638
Wind|WINDInvest2|BOL,0.15589003665054735
Wind|WINDInvest3|BOL,0.15589003665270545
Wind|WINDInvest4|BOL,0.13563238772044878
Solar|PVInvest0|BRA,0.26633652741290803
Solar|PVInvest1|BRA,0.25683573631953344
Solar|PVInvest2|BRA,0.25149329487135325
Solar|PVInvest3|BRA,0.24629458279899188
Solar|PVInvest4|BRA,0.24202458135964366
Wind|WINDInvest0|BRA,0.2734774131441867
Wind|WINDInvest1|BRA,0.2380378562949246
Wind|WINDInvest2|BRA,0.22114503110052217
Wind|WINDInvest3|BRA,0.20322098324672952
Wind|WINDInvest4|BRA,0.15774529120351705
Wind|WIND_OFFSHOREInvest0|BRA,0.7035082994444929
Wind|WIND_OFFSHOREInvest1|BRA,0.6583261669331031
Wind|WIND_OFFSHOREInvest2|BRA,0.6303868660176863
Wind|WIND_OFFSHOREInvest3|BRA,0.6121211057230429
Wind|WIND_OFFSHOREInvest4|BRA,0.5990021429538164
Solar|PVInvest0|BRB,0.27767097925076645
Solar|PVInvest1|BRB,0.27767097925076645
Solar|PVInvest2|BRB,0.27767097925076645
Solar|PVInvest3|BRB,0.27767097925076645
Solar|PVInvest4|BRB,0.27767097925076645
Wind|WIND_OFFSHOREInvest0|BRB,0.5796464277913521
Wind|WIND_OFFSHOREInvest1|BRB,0.5796464277913521
Wind|WIND_OFFSHOREInvest2|BRB,0.5796464277913521
Wind|WIND_OFFSHOREInvest3|BRB,0.5796464277913521
Wind|WIND_OFFSHOREInvest4|BRB,0.5796464277913521
Solar|PVInvest0|BRN,0.16445453697086707
Solar|PVInvest1|BRN,0.16445453697086707
Solar|PVInvest2|BRN,0.16445453697086707
Solar|PVInvest3|BRN,0.16445453697086707
Solar|PVInvest4|BRN,0.16445453697086707
Solar|PVInvest0|BTN,0.18702699520786378
Solar|PVInvest1|BTN,0.18019779559386973
Solar|PVInvest2|BTN,0.17961935296235904
Solar|PVInvest3|BTN,0.17748009611285975
Solar|PVInvest4|BTN,0.17711270165929702
Wind|WINDInvest0|BTN,0.00016822358566103362
Wind|WINDInvest1|BTN,0.00016822358566103362
Wind|WINDInvest2|BTN,0.0001682235856610336
Wind|WINDInvest3|BTN,0.00016822358566103362
Wind|WINDInvest4|BTN,0.00016822358566103362
Solar|PVInvest0|BWA,0.2790526108041434
Solar|PVInvest1|BWA,0.2670370968892274
Solar|PVInvest2|BWA,0.26451104758589117
Solar|PVInvest3|BWA,0.2637894401486436
Solar|PVInvest4|BWA,0.2619622003983364
Wind|WINDInvest0|BWA,0.2857285674927757
Wind|WINDInvest1|BWA,0.28572856749363523
Wind|WINDInvest2|BWA,0.2857285674932923
Wind|WINDInvest3|BWA,0.2857285674931403
Wind|WINDInvest4|BWA,0.28572856749275544
Solar|PVInvest0|CAF,0.25364282223632284
Solar|PVInvest1|CAF,0.25231178377428853
Solar|PVInvest2|CAF,0.25055078435735884
Solar|PVInvest3|CAF,0.250046615772858
Solar|PVInvest4|CAF,0.24900027658079685
Wind|WINDInvest0|CAF,0.024572671530690274
Wind|WINDInvest1|CAF,0.024572671530714206
Wind|WINDInvest2|CAF,0.02457267153070719
Wind|WINDInvest3|CAF,0.024572671530685094
Wind|WINDInvest4|CAF,0.024572671530638957
Solar|PVInvest0|CAN,0.1824060628285932
Solar|PVInvest1|CAN,0.173258212797523
Solar|PVInvest2|CAN,0.16833772814935635
Solar|PVInvest3|CAN,0.1659556890293404
Solar|PVInvest4|CAN,0.16283490850556562
Wind|WINDInvest0|CAN,0.427372487453266
Wind|WINDInvest1|CAN,0.3968898020572111
Wind|WINDInvest2|CAN,0.37876559839013973
Wind|WINDInvest3|CAN,0.350014320491742
Wind|WINDInvest4|CAN,0.32975681353618186
Wind|WIND_OFFSHOREInvest0|CAN,0.6334985718248161
Wind|WIND_OFFSHOREInvest1|CAN,0.6055856175666936
Wind|WIND_OFFSHOREInvest2|CAN,0.5905047298708178
Wind|WIND_OFFSHOREInvest3|CAN,0.578750568399539
Wind|WIND_OFFSHOREInvest4|CAN,0.5651188499009557
Solar|PVInvest0|CHE,0.15281453671658107
Solar|PVInvest1|CHE,0.15234584317644664
Solar|PVInvest2|CHE,0.1523458431774464
Solar|PVInvest3|CHE,0.15234584317690766
Solar|PVInvest4|CHE,0.15068848310656113
Wind|WINDInvest0|CHE,0.021647901847392858
Wind|WINDInvest1|CHE,0.02164790184747894
Wind|WINDInvest2|CHE,0.021647901847434623
Wind|WINDInvest3|CHE,0.021647901847437166
Wind|WINDInvest4|CHE,0.021647901847435893
Solar|PVInvest0|CHL,0.298758292766746
Solar|PVInvest1|CHL,0.2918396058838336
Solar|PVInvest2|CHL,0.28988398401782517
Solar|PVInvest3|CHL,0.28882490776152153
Solar|PVInvest4|CHL,0.2881225967200236
Wind|WINDInvest0|CHL,0.47754054517658123
Wind|WINDInvest1|CHL,0.47754054517662725
Wind|WINDInvest2|CHL,0.47754054516946653
Wind|WINDInvest3|CHL,0.4775405451834577
Wind|WINDInvest4|CHL,0.4775405451765444
Wind|WIND_OFFSHOREInvest0|CHL,0.8237796984141024
Wind|WIND_OFFSHOREInvest1|CHL,0.8149296806034313
Wind|WIND_OFFSHOREInvest2|CHL,0.8003178166229182
Wind|WIND_OFFSHOREInvest3|CHL,0.7841872013365516
Wind|WIND_OFFSHOREInvest4|CHL,0.7566250177850334
Solar|PVInvest0|CHN,0.2457359521577541
Solar|PVInvest1|CHN,0.21427516973031657
Solar|PVInvest2|CHN,0.2056132277348462
Solar|PVInvest3|CHN,0.20167545445873675
Solar|PVInvest4|CHN,0.19860758870616646
Wind|WINDInvest0|CHN,0.3017075551043866
Wind|WINDInvest1|CHN,0.26015959799897015
Wind|WINDInvest2|CHN,0.22359374506248905
Wind|WINDInvest3|CHN,0.21051904644106548
Wind|WINDInvest4|CHN,0.19750232628884576
Wind|WIND_OFFSHOREInvest0|CHN,0.6137226382507854
Wind|WIND_OFFSHOREInvest1|CHN,0.5454658416320741
Wind|WIND_OFFSHOREInvest2|CHN,0.5000313990932392
Wind|WIND_OFFSHOREInvest3|CHN,0.4803609166991685
Wind|WIND_OFFSHOREInvest4|CHN,0.477971131562571
Solar|PVInvest0|CIV,0.23119756588765145
Solar|PVInvest1|CIV,0.23014709623435428
Solar|PVInvest2|CIV,0.22947905604478042
Solar|PVInvest3|CIV,0.22782789785165253
Solar|PVInvest4|CIV,0.22464996056833336
Wind|WINDInvest0|CIV,0.014336008152866652
Wind|WINDInvest1|CIV,0.014336008152863013
Wind|WINDInvest2|CIV,0.014336008152859452
Wind|WINDInvest3|CIV,0.014336008152877059
Wind|WINDInvest4|CIV,0.01433600815285768
Solar|PVInvest0|CMR,0.2513167151616804
Solar|PVInvest1|CMR,0.2468516087963544
Solar|PVInvest2|CMR,0.2450833892091721
Solar|PVInvest3|CMR,0.24336765451263437
Solar|PVInvest4|CMR,0.23947955297776394
Wind|WINDInvest0|CMR,0.007550451379107835
Wind|WINDInvest1|CMR,0.007550451379107833
Wind|WINDInvest2|CMR,0.007550451379107835
Wind|WINDInvest3|CMR,0.007550451379107833
Wind|WINDInvest4|CMR,0.007550451379107835
Solar|PVInvest0|COD,0.25510137445799086
Solar|PVInvest1|COD,0.2499833355227412
Solar|PVInvest2|COD,0.24500851299901055
Solar|PVInvest3|COD,0.2413331765411393
Solar|PVInvest4|COD,0.23677868678528435
Wind|WINDInvest0|COD,0.03779154340901008
Wind|WINDInvest1|COD,0.037791543409148
Wind|WINDInvest2|COD,0.03779154340905339
Wind|WINDInvest3|COD,0.037791543409094554
Wind|WINDInvest4|COD,0.03779154340900281
Solar|PVInvest0|COG,0.22265213879959375
Solar|PVInvest1|COG,0.2213136886463222
Solar|PVInvest2|COG,0.2190361680199574
Solar|PVInvest3|COG,0.2183078735519418
Solar|PVInvest4|COG,0.21736202244619465
Wind|WINDInvest0|COG,0.00803400630373782
Wind|WINDInvest1|COG,0.008034006303691405
Wind|WINDInvest2|COG,0.008034006303783517
Wind|WINDInvest3|COG,0.008034006303737606
Wind|WINDInvest4|COG,0.008034006303737143
Solar|PVInvest0|COL,0.24990769521205491
Solar|PVInvest1|COL,0.23821796501845832
Solar|PVInvest2|COL,0.23645641731636996
Solar|PVInvest3|COL,0.23563743004476542
Solar|PVInvest4|COL,0.23370611760363694
Wind|WINDInvest0|COL,0.03418044786209162
Wind|WINDInvest1|COL,0.03418044786230449
Wind|WINDInvest2|COL,0.034180447862049115
Wind|WINDInvest3|COL,0.02867931696373772
Wind|WINDInvest4|COL,0.02844183215751617
Wind|WIND_OFFSHOREInvest0|COL,0.6517931101422345
Wind|WIND_OFFSHOREInvest1|COL,0.6517931101422365
Wind|WIND_OFFSHOREInvest2|COL,0.6517931101422357
Wind|WIND_OFFSHOREInvest3|COL,0.6517931101422232
Wind|WIND_OFFSHOREInvest4|COL,0.6517931101421558
Solar|PVInvest0|COM,0.26949948216138797
Solar|PVInvest1|COM,0.26949948217244185
Solar|PVInvest2|COM,0.26949948216649433
Solar|PVInvest3|COM,0.26949948216923375
Solar|PVInvest4|COM,0.26949948216730624
Solar|PVInvest0|CPV,0.2938422955523907
Solar|PVInvest1|CPV,0.29384229554834884
Solar|PVInvest2|CPV,0.293842295556432
Solar|PVInvest3|CPV,0.29384229555237373
Solar|PVInvest4|CPV,0.2888964876323616
Wind|WIND_OFFSHOREInvest0|CPV,0.5796941092289867
Wind|WIND_OFFSHOREInvest1|CPV,0.5796941092202463
Wind|WIND_OFFSHOREInvest2|CPV,0.5609550751792466
Wind|WIND_OFFSHOREInvest3|CPV,0.5453906093728605
Wind|WIND_OFFSHOREInvest4|CPV,0.5453906093643052
Solar|PVInvest0|CRI,0.23301959656620586
Solar|PVInvest1|CRI,0.22395296811258925
Solar|PVInvest2|CRI,0.22395296811253465
Solar|PVInvest3|CRI,0.22296732678257344
Solar|PVInvest4|CRI,0.20725137342995845
Wind|WINDInvest0|CRI,0.0032846678523410404
Wind|WINDInvest1|CRI,0.0032846678523410404
Wind|WINDInvest2|CRI,0.0032846678523410404
Wind|WINDInvest3|CRI,0.0032846678523410404
Wind|WINDInvest4|CRI,0.0032846678523410404
Wind|WIND_OFFSHOREInvest0|CRI,0.20759241678431217
Wind|WIND_OFFSHOREInvest1|CRI,0.2075924167847171
Wind|WIND_OFFSHOREInvest2|CRI,0.2075924167846635
Wind|WIND_OFFSHOREInvest3|CRI,0.20759241678462934
Wind|WIND_OFFSHOREInvest4|CRI,0.20759241678459933
Solar|PVInvest0|CUB,0.26164205083996595
Solar|PVInvest1|CUB,0.2520987697829372
Solar|PVInvest2|CUB,0.2471275343839621
Solar|PVInvest3|CUB,0.2461779219664847
Solar|PVInvest4|CUB,0.2435541008118011
Wind|WINDInvest0|CUB,0.12178406739144985
Wind|WINDInvest1|CUB,0.12178406739144985
Wind|WINDInvest2|CUB,0.12178406739144985
Wind|WINDInvest3|CUB,0.12178406739144985
Wind|WINDInvest4|CUB,0.12178406739144985
Wind|WIND_OFFSHOREInvest0|CUB,0.4429858651595246
Wind|WIND_OFFSHOREInvest1|CUB,0.4328178121890622
Wind|WIND_OFFSHOREInvest2|CUB,0.42975460659698017
Wind|WIND_OFFSHOREInvest3|CUB,0.41551862181354726
Wind|WIND_OFFSHOREInvest4|CUB,0.3802785556302778
Solar|PVInvest0|CYM,0.2755822284813179
Solar|PVInvest1|CYM,0.2755822284813179
Solar|PVInvest2|CYM,0.2755822284813179
Solar|PVInvest3|CYM,0.2755822284813179
Solar|PVInvest4|CYM,0.2755822284813179
Solar|PVInvest0|CZE,0.15130037141585315
Solar|PVInvest1|CZE,0.1507378414132018
Solar|PVInvest2|CZE,0.14915552305579283
Solar|PVInvest3|CZE,0.1479192970502802
Solar|PVInvest4|CZE,0.14583373232838273
Wind|WINDInvest0|CZE,0.1009206834908184
Wind|WINDInvest1|CZE,0.10092068349088174
Wind|WINDInvest2|CZE,0.10092068349085001
Wind|WINDInvest3|CZE,0.10092068348968875
Wind|WINDInvest4|CZE,0.09598280427392282
Solar|PVInvest0|DEU,0.153865261539122
Solar|PVInvest1|DEU,0.15227279038017183
Solar|PVInvest2|DEU,0.15076221575845083
Solar|PVInvest3|DEU,0.14935035064603894
Solar|PVInvest4|DEU,0.14725043579111205
Wind|WINDInvest0|DEU,0.33148614069880844
Wind|WINDInvest1|DEU,0.21904292833005595
Wind|WINDInvest2|DEU,0.16957246615425384
Wind|WINDInvest3|DEU,0.15053432457021446
Wind|WINDInvest4|DEU,0.13154457527931285
Wind|WIND_OFFSHOREInvest0|DEU,0.6196248589375086
Wind|WIND_OFFSHOREInvest1|DEU,0.6196248589375184
Wind|WIND_OFFSHOREInvest2|DEU,0.6196248589374788
Wind|WIND_OFFSHOREInvest3|DEU,0.6049375004123538
Wind|WIND_OFFSHOREInvest4|DEU,0.6026205706488101
Solar|PVInvest0|DJI,0.2544768841633628
Solar|PVInvest1|DJI,0.2531801663048581
Solar|PVInvest2|DJI,0.252655348525455
Solar|PVInvest3|DJI,0.25198068258268674
Solar|PVInvest4|DJI,0.2519806825826586
Wind|WIND_OFFSHOREInvest0|DJI,0.433558679710276
Wind|WIND_OFFSHOREInvest1|DJI,0.43355867975215
Wind|WIND_OFFSHOREInvest2|DJI,0.43355867973121315
Wind|WIND_OFFSHOREInvest3|DJI,0.3722999087763708
Wind|WIND_OFFSHOREInvest4|DJI,0.3403775183030387
Solar|PVInvest0|DMA,0.2743667794039103
Solar|PVInvest1|DMA,0.2743667794045367
Solar|PVInvest2|DMA,0.2743667794052367
Solar|PVInvest3|DMA,0.2743667794049456
Solar|PVInvest4|DMA,0.27436677940457477
Wind|WIND_OFFSHOREInvest0|DMA,0.535176638429428
Wind|WIND_OFFSHOREInvest1|DMA,0.5351766384512362
Wind|WIND_OFFSHOREInvest2|DMA,0.535176638453183
Wind|WIND_OFFSHOREInvest3|DMA,0.5351766384442884
Wind|WIND_OFFSHOREInvest4|DMA,0.5351766384460594
Solar|PVInvest0|DNK,0.15695362662784243
Solar|PVInvest1|DNK,0.14745830937688306
Solar|PVInvest2|DNK,0.14489688198209888
Solar|PVInvest3|DNK,0.1443139350916829
Solar|PVInvest4|DNK,0.14198690659138788
Wind|WINDInvest0|DNK,0.4996926386609118
Wind|WINDInvest1|DNK,0.46438050621214816
Wind|WINDInvest2|DNK,0.464380506219394
Wind|WINDInvest3|DNK,0.46438050621568455
Wind|WINDInvest4|DNK,0.39448938892504815
Wind|WIND_OFFSHOREInvest0|DNK,0.6330828253905277
Wind|WIND_OFFSHOREInvest1|DNK,0.6330828253905008
Wind|WIND_OFFSHOREInvest2|DNK,0.6278430950782241
Wind|WIND_OFFSHOREInvest3|DNK,0.6269065470002128
Wind|WIND_OFFSHOREInvest4|DNK,0.5767315271926835
Solar|PVInvest0|DOM,0.2680386170636571
Solar|PVInvest1|DOM,0.2632711582643224
Solar|PVInvest2|DOM,0.2541989783443477
Solar|PVInvest3|DOM,0.24916077594862904
Solar|PVInvest4|DOM,0.24196315668546292
Wind|WINDInvest0|DOM,0.034828460890688376
Wind|WINDInvest1|DOM,0.034828460890688376
Wind|WINDInvest2|DOM,0.034828460890688376
Wind|WINDInvest3|DOM,0.034828460890688376
Wind|WINDInvest4|DOM,0.034828460890688376
Wind|WIND_OFFSHOREInvest0|DOM,0.671471907881642
Wind|WIND_OFFSHOREInvest1|DOM,0.6566149355177029
Wind|WIND_OFFSHOREInvest2|DOM,0.6463132083647702
Wind|WIND_OFFSHOREInvest3|DOM,0.6463132083528561
Wind|WIND_OFFSHOREInvest4|DOM,0.6463132083766345
Solar|PVInvest0|DZA,0.22720760427774417
Solar|PVInvest1|DZA,0.2130546689602619
Solar|PVInvest2|DZA,0.20620312545139768
Solar|PVInvest3|DZA,0.20331026356163553
Solar|PVInvest4|DZA,0.20086030413840072
Wind|WINDInvest0|DZA,0.26382909188466297
Wind|WINDInvest1|DZA,0.2254129191898998
Wind|WINDInvest2|DZA,0.21406193849129096
Wind|WINDInvest3|DZA,0.21301842281339145
Wind|WINDInvest4|DZA,0.20812108148991623
Wind|WIND_OFFSHOREInvest0|DZA,0.4024971123955523
Wind|WIND_OFFSHOREInvest1|DZA,0.3815498823341645
Wind|WIND_OFFSHOREInvest2|DZA,0.381154710543314
Wind|WIND_OFFSHOREInvest3|DZA,0.38115471054321914
Wind|WIND_OFFSHOREInvest4|DZA,0.3811547105433175
Solar|PVInvest0|ECU,0.2872863426098681
Solar|PVInvest1|ECU,0.2299915974260457
Solar|PVInvest2|ECU,0.22766845051003642
Solar|PVInvest3|ECU,0.2261885211441834
Solar|PVInvest4|ECU,0.2230138190674576
Wind|WINDInvest0|ECU,0.029704638673781376
Wind|WINDInvest1|ECU,0.029704638673781376
Wind|WINDInvest2|ECU,0.029704638673781376
Wind|WINDInvest3|ECU,0.029704638673781376
Wind|WINDInvest4|ECU,0.029704638673781376
Wind|WIND_OFFSHOREInvest0|ECU,0.2866981358108683
Wind|WIND_OFFSHOREInvest1|ECU,0.2866981358232766
Wind|WIND_OFFSHOREInvest2|ECU,0.2866981358170332
Wind|WIND_OFFSHOREInvest3|ECU,0.28669813581714343
Wind|WIND_OFFSHOREInvest4|ECU,0.28669813581709747
Solar|PVInvest0|EGY,0.2568085043894512
Solar|PVInvest1|EGY,0.249065123596918
Solar|PVInvest2|EGY,0.2272010160391175
Solar|PVInvest3|EGY,0.22143551482242585
Solar|PVInvest4|EGY,0.21669015880054326
Wind|WINDInvest0|EGY,0.23358857326023186
Wind|WINDInvest1|EGY,0.23358857325998678
Wind|WINDInvest2|EGY,0.22036631991231723
Wind|WINDInvest3|EGY,0.21678865350104712
Wind|WINDInvest4|EGY,0.19780878701318896
Wind|WIND_OFFSHOREInvest0|EGY,0.49084274163657426
Wind|WIND_OFFSHOREInvest1|EGY,0.49084274163659875
Wind|WIND_OFFSHOREInvest2|EGY,0.45167886895825604
Wind|WIND_OFFSHOREInvest3|EGY,0.4137710025424741
Wind|WIND_OFFSHOREInvest4|EGY,0.41377100254568283
Solar|PVInvest0|ERI,0.2620590718467898
Solar|PVInvest1|ERI,0.2569306075525485
Solar|PVInvest2|ERI,0.25489037588702745
Solar|PVInvest3|ERI,0.24314943205716716
Solar|PVInvest4|ERI,0.24005299255134327
Wind|WINDInvest0|ERI,0.07397459331946815
Wind|WINDInvest1|ERI,0.07397459331946815
Wind|WINDInvest2|ERI,0.07397459331946815
Wind|WINDInvest3|ERI,0.07397459331946815
Wind|WINDInvest4|ERI,0.07397459331946815
Wind|WIND_OFFSHOREInvest0|ERI,0.4417984940816909
Wind|WIND_OFFSHOREInvest1|ERI,0.2718557791706134
Wind|WIND_OFFSHOREInvest2|ERI,0.2718557791706134
Wind|WIND_OFFSHOREInvest3|ERI,0.2718557791706134
Wind|WIND_OFFSHOREInvest4|ERI,0.2718557791706134
Solar|PVInvest0|ESP,0.22807087073846283
Solar|PVInvest1|ESP,0.21675582635002646
Solar|PVInvest2|ESP,0.21401804821108347
Solar|PVInvest3|ESP,0.21230844227795725
Solar|PVInvest4|ESP,0.21015645054211882
Wind|WINDInvest0|ESP,0.17062639161183168
Wind|WINDInvest1|ESP,0.14386250246523805
Wind|WINDInvest2|ESP,0.13082123027362752
Wind|WINDInvest3|ESP,0.11977290044439247
Wind|WINDInvest4|ESP,0.10921399299554596
Wind|WIND_OFFSHOREInvest0|ESP,0.6764030887045915
Wind|WIND_OFFSHOREInvest1|ESP,0.6764030887046809
Wind|WIND_OFFSHOREInvest2|ESP,0.6721917018709974
Wind|WIND_OFFSHOREInvest3|ESP,0.6513929503804233
Wind|WIND_OFFSHOREInvest4|ESP,0.6513929503803146
Solar|PVInvest0|EST,0.13997444880572238
Solar|PVInvest1|EST,0.1353909043281602
Solar|PVInvest2|EST,0.13378073644093616
Solar|PVInvest3|EST,0.1276442916177871
Solar|PVInvest4|EST,0.12216005854938167
Wind|WINDInvest0|EST,0.3208652990863817
Wind|WINDInvest1|EST,0.32086529909658573
Wind|WINDInvest2|EST,0.3208652990916033
Wind|WINDInvest3|EST,0.2227030942419474
Wind|WINDInvest4|EST,0.1450628199710841
Wind|WIND_OFFSHOREInvest0|EST,0.5173556674597949
Wind|WIND_OFFSHOREInvest1|EST,0.5173556674597951
Wind|WIND_OFFSHOREInvest2|EST,0.5173556674597948
Wind|WIND_OFFSHOREInvest3|EST,0.515611374227077
Wind|WIND_OFFSHOREInvest4|EST,0.5094181876251913
Solar|PVInvest0|ETH,0.2574978519425753
Solar|PVInvest1|ETH,0.25119204989390775
Solar|PVInvest2|ETH,0.24911247301206443
Solar|PVInvest3|ETH,0.247771798215671
Solar|PVInvest4|ETH,0.24571695145855868
Wind|WINDInvest0|ETH,0.3363683608176081
Wind|WINDInvest1|ETH,0.33636836081758326
Wind|WINDInvest2|ETH,0.3363683608147342
Wind|WINDInvest3|ETH,0.33636836082050675
Wind|WINDInvest4|ETH,0.3363683608176081
Solar|PVInvest0|FIN,0.1276776895491329
Solar|PVInvest1|FIN,0.12767768955460151
Solar|PVInvest2|FIN,0.12767768955394346
Solar|PVInvest3|FIN,0.12767768955237402
Solar|PVInvest4|FIN,0.12767768955284078
Wind|WINDInvest0|FIN,0.31021432572977636
Wind|WINDInvest1|FIN,0.18374345565566327
Wind|WINDInvest2|FIN,0.1302564403525229
Wind|WINDInvest3|FIN,0.10441692806054954
Wind|WINDInvest4|FIN,0.09100328971948962
Wind|WIND_OFFSHOREInvest0|FIN,0.49963482275620175
Wind|WIND_OFFSHOREInvest1|FIN,0.49963482275623383
Wind|WIND_OFFSHOREInvest2|FIN,0.49352365116757363
Wind|WIND_OFFSHOREInvest3|FIN,0.4904832057032969
Wind|WIND_OFFSHOREInvest4|FIN,0.4763440062334647
Solar|PVInvest0|FJI,0.18936175192642377
Solar|PVInvest1|FJI,0.18241107038013138
Solar|PVInvest2|FJI,0.17789005124128576
Solar|PVInvest3|FJI,0.17789005124011295
Solar|PVInvest4|FJI,0.17141889413697292
Wind|WINDInvest0|FJI,0.04700189498586267
Wind|WINDInvest1|FJI,0.04700189498586267
Wind|WINDInvest2|FJI,0.04700189498586267
Wind|WINDInvest3|FJI,0.04700189498586267
Wind|WINDInvest4|FJI,0.04700189498586267
Wind|WIND_OFFSHOREInvest0|FJI,0.38506347508637667
Wind|WIND_OFFSHOREInvest1|FJI,0.3692630994418519
Wind|WIND_OFFSHOREInvest2|FJI,0.34301812974254825
Wind|WIND_OFFSHOREInvest3|FJI,0.34241182310297325
Wind|WIND_OFFSHOREInvest4|FJI,0.3420920175166553
Solar|PVInvest0|FRA,0.2084767542238368
Solar|PVInvest1|FRA,0.1827600573195234
Solar|PVInvest2|FRA,0.17127793458996357
Solar|PVInvest3|FRA,0.16624904186112927
Solar|PVInvest4|FRA,0.16202571720110964
Wind|WINDInvest0|FRA,0.3862022717765063
Wind|WINDInvest1|FRA,0.24984250030249944
Wind|WINDInvest2|FRA,0.21734113659911455
Wind|WINDInvest3|FRA,0.17873290408251374
Wind|WINDInvest4|FRA,0.16681525346216577
Wind|WIND_OFFSHOREInvest0|FRA,0.6715775041611457
Wind|WIND_OFFSHOREInvest1|FRA,0.6626961150501645
Wind|WIND_OFFSHOREInvest2|FRA,0.6220642697010382
Wind|WIND_OFFSHOREInvest3|FRA,0.6214786526766347
Wind|WIND_OFFSHOREInvest4|FRA,0.6005868918429612
Solar|PVInvest0|GAB,0.20613448062078896
Solar|PVInvest1|GAB,0.20214098005142775
Solar|PVInvest2|GAB,0.19931630008552684
Solar|PVInvest3|GAB,0.1938516281298219
Solar|PVInvest4|GAB,0.19174523285337494
Solar|PVInvest0|GBR,0.15492562762929393
Solar|PVInvest1|GBR,0.14989988440974777
Solar|PVInvest2|GBR,0.14279549711623157
Solar|PVInvest3|GBR,0.13842615875685302
Solar|PVInvest4|GBR,0.1357024724753778
Wind|WINDInvest0|GBR,0.5744963040264696
Wind|WINDInvest1|GBR,0.4176691453558334
Wind|WINDInvest2|GBR,0.40652008561126446
Wind|WINDInvest3|GBR,0.367625856198751
Wind|WINDInvest4|GBR,0.32015253586934134
Wind|WIND_OFFSHOREInvest0|GBR,0.6960184641879812
Wind|WIND_OFFSHOREInvest1|GBR,0.6896886961618162
Wind|WIND_OFFSHOREInvest2|GBR,0.6795129090665402
Wind|WIND_OFFSHOREInvest3|GBR,0.6569927904956199
Wind|WIND_OFFSHOREInvest4|GBR,0.650097399265591
Solar|PVInvest0|GEO,0.186798176406302
Solar|PVInvest1|GEO,0.18442384215413615
Solar|PVInvest2|GEO,0.1788986396143671
Solar|PVInvest3|GEO,0.1771339101806915
Solar|PVInvest4|GEO,0.1742295832385709
Wind|WINDInvest0|GEO,0.03203303919897911
Wind|WINDInvest1|GEO,0.0320330391989791
Wind|WINDInvest2|GEO,0.03203303919897866
Wind|WINDInvest3|GEO,0.03185952755084265
Wind|WINDInvest4|GEO,0.02946786746839206
Solar|PVInvest0|GHA,0.2342718602414768
Solar|PVInvest1|GHA,0.23353324901326392
Solar|PVInvest2|GHA,0.23186954398828494
Solar|PVInvest3|GHA,0.23002279950639695
Solar|PVInvest4|GHA,0.2258536265990789
Wind|WINDInvest0|GHA,0.029044000734690444
Wind|WINDInvest1|GHA,0.029044000734739304
Wind|WINDInvest2|GHA,0.029044000734717523
Wind|WINDInvest3|GHA,0.029044000734717235
Wind|WINDInvest4|GHA,0.029044000734717784
Solar|PVInvest0|GIN,0.23779337456891525
Solar|PVInvest1|GIN,0.2344009186909527
Solar|PVInvest2|GIN,0.23328761519691973
Solar|PVInvest3|GIN,0.23213482807163563
Solar|PVInvest4|GIN,0.23088288412310595
Wind|WINDInvest0|GIN,0.046201702232967226
Wind|WINDInvest1|GIN,0.04620170223296207
Wind|WINDInvest2|GIN,0.0462017022329719
Wind|WINDInvest3|GIN,0.04620170223296785
Wind|WINDInvest4|GIN,0.04620170223296727
Solar|PVInvest0|GMB,0.2517954151316443
Solar|PVInvest1|GMB,0.24141705985844497
Solar|PVInvest2|GMB,0.2414170598588508
Solar|PVInvest3|GMB,0.24141705985690065
Solar|PVInvest4|GMB,0.2414170598596684
Solar|PVInvest0|GNB,0.24486681388265036
Solar|PVInvest1|GNB,0.24159196641522512
Solar|PVInvest2|GNB,0.24159196641515085
Solar|PVInvest3|GNB,0.23177491321088436
Solar|PVInvest4|GNB,0.22823362367106992
Solar|PVInvest0|GNQ,0.2234651453582509
Solar|PVInvest1|GNQ,0.1778948631443193
Solar|PVInvest2|GNQ,0.17765328473657993
Solar|PVInvest3|GNQ,0.1776532847362919
Solar|PVInvest4|GNQ,0.1776532847362951
Solar|PVInvest0|GRC,0.2512148846516359
Solar|PVInvest1|GRC,0.2497352926314145
Solar|PVInvest2|GRC,0.24458806466259245
Solar|PVInvest3|GRC,0.2378593652658809
Solar|PVInvest4|GRC,0.22293866320207695
Wind|WINDInvest0|GRC,0.572557498916339
Wind|WINDInvest1|GRC,0.5725574989142045
Wind|WINDInvest2|GRC,0.3721014532816071
Wind|WINDInvest3|GRC,0.1420988933461974
Wind|WINDInvest4|GRC,0.14209889334754702
Wind|WIND_OFFSHOREInvest0|GRC,0.5690027770768911
Wind|WIND_OFFSHOREInvest1|GRC,0.5569435523895897
Wind|WIND_OFFSHOREInvest2|GRC,0.5310390927840737
Wind|WIND_OFFSHOREInvest3|GRC,0.5279655347177369
Wind|WIND_OFFSHOREInvest4|GRC,0.5151419604113482
Solar|PVInvest0|GRD,0.27502008671496775
Solar|PVInvest1|GRD,0.2750200867277843
Solar|PVInvest2|GRD,0.2750200867429544
Solar|PVInvest3|GRD,0.27502008672857015
Solar|PVInvest4|GRD,0.2750200867279867
Wind|WIND_OFFSHOREInvest0|GRD,0.46077219300186634
Wind|WIND_OFFSHOREInvest1|GRD,0.4607721930116547
Wind|WIND_OFFSHOREInvest2|GRD,0.4607721930066771
Wind|WIND_OFFSHOREInvest3|GRD,0.460772193006896
Wind|WIND_OFFSHOREInvest4|GRD,0.4607721930067834
Wind|WINDInvest0|GRL,0.46788626107997533
Wind|WINDInvest1|GRL,0.46788626107115916
Wind|WINDInvest2|GRL,0.4678862610868404
Wind|WINDInvest3|GRL,0.4678862610816198
Wind|WINDInvest4|GRL,0.46788626108028214
Solar|PVInvest0|GTM,0.2447313498426801
Solar|PVInvest1|GTM,0.24313407486168306
Solar|PVInvest2|GTM,0.2411487620721547
Solar|PVInvest3|GTM,0.24084767262547047
Solar|PVInvest4|GTM,0.23491899835836857
Wind|WINDInvest0|GTM,0.021079467258227305
Wind|WINDInvest1|GTM,0.021079467258135847
Wind|WINDInvest2|GTM,0.02107946725829487
Wind|WINDInvest3|GTM,0.021079467258244132
Wind|WINDInvest4|GTM,0.021079467258226514
Solar|PVInvest0|GUM,0.26575248567467924
Solar|PVInvest1|GUM,0.26575248570978083
Solar|PVInvest2|GUM,0.2657524856922407
Solar|PVInvest3|GUM,0.26575248569225807
Solar|PVInvest4|GUM,0.2657524856919512
Solar|PVInvest0|GUY,0.23458523907097567
Solar|PVInvest1|GUY,0.22996252285457078
Solar|PVInvest2|GUY,0.22621067943996415
Solar|PVInvest3|GUY,0.22067667296289548
Solar|PVInvest4|GUY,0.2148559780432612
Wind|WINDInvest0|GUY,0.0190296799890936
Wind|WINDInvest1|GUY,0.017179371178077114
Wind|WINDInvest2|GUY,0.01717937117808101
Wind|WINDInvest3|GUY,0.017179371178079696
Wind|WINDInvest4|GUY,0.01717937117807924
Solar|PVInvest0|HKG,0.2120650196384864
Solar|PVInvest1|HKG,0.2120650196384864
Solar|PVInvest2|HKG,0.21206501963848637
Solar|PVInvest3|HKG,0.21206501963848637
Solar|PVInvest4|HKG,0.21206501963848637
Solar|PVInvest0|HND,0.24106885664121414
Solar|PVInvest1|HND,0.23812588630474577
Solar|PVInvest2|HND,0.23748648714286816
Solar|PVInvest3|HND,0.23658265594234337
Solar|PVInvest4|HND,0.2365826559415478
Wind|WINDInvest0|HND,0.04328882371358477
Wind|WINDInvest1|HND,0.043288823713584806
Wind|WINDInvest2|HND,0.04328882371358479
Wind|WINDInvest3|HND,0.04328882371358479
Wind|WINDInvest4|HND,0.04328882371358479
Wind|WIND_OFFSHOREInvest0|HND,0.4852079336694126
Wind|WIND_OFFSHOREInvest1|HND,0.48024654295230507
Wind|WIND_OFFSHOREInvest2|HND,0.4779270088000604
Wind|WIND_OFFSHOREInvest3|HND,0.47792700879991834
Wind|WIND_OFFSHOREInvest4|HND,0.47792700879932853
Solar|PVInvest0|HRV,0.20524611191792114
Solar|PVInvest1|HRV,0.20027392509504446
Solar|PVInvest2|HRV,0.18613055980373497
Solar|PVInvest3|HRV,0.1851437290749228
Solar|PVInvest4|HRV,0.18433244111724814
Wind|WINDInvest0|HRV,0.09986718383604314
Wind|WINDInvest1|HRV,0.0998671838360623
Wind|WINDInvest2|HRV,0.09986718383608348
Wind|WINDInvest3|HRV,0.09986718383591317
Wind|WINDInvest4|HRV,0.0571884027687894
Wind|WIND_OFFSHOREInvest0|HRV,0.2749581028000785
Wind|WIND_OFFSHOREInvest1|HRV,0.24346255322982727
Wind|WIND_OFFSHOREInvest2|HRV,0.23082793814693528
Wind|WIND_OFFSHOREInvest3|HRV,0.23070953650708034
Wind|WIND_OFFSHOREInvest4|HRV,0.22970627017043274
Solar|PVInvest0|HTI,0.2743916249442205
Solar|PVInvest1|HTI,0.27439162494407016
Solar|PVInvest2|HTI,0.2688231073192668
Solar|PVInvest3|HTI,0.2673947903555085
Solar|PVInvest4|HTI,0.2669793709773916
Wind|WINDInvest0|HTI,0.07319468825296299
Wind|WINDInvest1|HTI,0.07319468825296299
Wind|WINDInvest2|HTI,0.07319468825296299
Wind|WINDInvest3|HTI,0.07319468825296299
Wind|WINDInvest4|HTI,0.07319468825296298
Wind|WIND_OFFSHOREInvest0|HTI,0.41793850636490343
Wind|WIND_OFFSHOREInvest1|HTI,0.41793850639601876
Wind|WIND_OFFSHOREInvest2|HTI,0.41793850638046104
Wind|WIND_OFFSHOREInvest3|HTI,0.4179385063804611
Wind|WIND_OFFSHOREInvest4|HTI,0.4179385063804611
Solar|PVInvest0|HUN,0.16257993976305515
Solar|PVInvest1|HUN,0.16205766491151627
Solar|PVInvest2|HUN,0.16071359877320923
Solar|PVInvest3|HUN,0.16005036945592255
Solar|PVInvest4|HUN,0.15948748703606985
Wind|WINDInvest0|HUN,0.08282242139318026
Wind|WINDInvest1|HUN,0.08282242139318026
Wind|WINDInvest2|HUN,0.08206722162561603
Wind|WINDInvest3|HUN,0.07729688351541969
Wind|WINDInvest4|HUN,0.07729688351541965
Solar|PVInvest0|IDN,0.2602906570152914
Solar|PVInvest1|IDN,0.234184697788627
Solar|PVInvest2|IDN,0.21995020330116977
Solar|PVInvest3|IDN,0.2133314528476495
Solar|PVInvest4|IDN,0.20856593719095112
Wind|WINDInvest0|IDN,0.2219290110509612
Wind|WINDInvest1|IDN,0.16088905759427735
Wind|WINDInvest2|IDN,0.11394878114868938
Wind|WINDInvest3|IDN,0.09055775702320096
Wind|WINDInvest4|IDN,0.08011849576011028
Wind|WIND_OFFSHOREInvest0|IDN,0.5147960388724083
Wind|WIND_OFFSHOREInvest1|IDN,0.514796038872557
Wind|WIND_OFFSHOREInvest2|IDN,0.5147960388661507
Wind|WIND_OFFSHOREInvest3|IDN,0.5147960388787922
Wind|WIND_OFFSHOREInvest4|IDN,0.5147960388725142
Solar|PVInvest0|IMN,0.1690374140010878
Solar|PVInvest1|IMN,0.1690374140010878
Solar|PVInvest2|IMN,0.1690374140010878
Solar|PVInvest3|IMN,0.1690374140010878
Solar|PVInvest4|IMN,0.1690374140010878
Solar|PVInvest0|IND,0.22861405604772847
Solar|PVInvest1|IND,0.22079739446330895
Solar|PVInvest2|IND,0.21793480173573226
Solar|PVInvest3|IND,0.21588632450037668
Solar|PVInvest4|IND,0.21450869109877424
Wind|WINDInvest0|IND,0.18051147439433818
Wind|WINDInvest1|IND,0.15067588506569854
Wind|WINDInvest2|IND,0.13105364352164695
Wind|WINDInvest3|IND,0.11635719424152026
Wind|WINDInvest4|IND,0.11029506779665953
Wind|WIND_OFFSHOREInvest0|IND,0.520909701253968
Wind|WIND_OFFSHOREInvest1|IND,0.5209097012539676
Wind|WIND_OFFSHOREInvest2|IND,0.5209097012539674
Wind|WIND_OFFSHOREInvest3|IND,0.5209097012539664
Wind|WIND_OFFSHOREInvest4|IND,0.5201273818890255
Solar|PVInvest0|IRL,0.158980101414665
Solar|PVInvest1|IRL,0.14990053641069973
Solar|PVInvest2|IRL,0.13919206916572227
Solar|PVInvest3|IRL,0.1386640676508709
Solar|PVInvest4|IRL,0.13853129592058133
Wind|WINDInvest0|IRL,0.3025975955716857
Wind|WINDInvest1|IRL,0.3025975955777721
Wind|WINDInvest2|IRL,0.3025975955747895
Wind|WINDInvest3|IRL,0.3025975955748256
Wind|WINDInvest4|IRL,0.29782376185046905
Wind|WIND_OFFSHOREInvest0|IRL,0.6925488517839455
Wind|WIND_OFFSHOREInvest1|IRL,0.6925488517825384
Wind|WIND_OFFSHOREInvest2|IRL,0.6757441083650575
Wind|WIND_OFFSHOREInvest3|IRL,0.6653847484873432
Wind|WIND_OFFSHOREInvest4|IRL,0.6594251906323404
Solar|PVInvest0|IRN,0.2545616005730059
Solar|PVInvest1|IRN,0.25145624976062125
Solar|PVInvest2|IRN,0.24765221155858996
Solar|PVInvest3|IRN,0.24519916005683476
Solar|PVInvest4|IRN,0.243652730861023
Wind|WINDInvest0|IRN,0.3191697469352525
Wind|WINDInvest1|IRN,0.23226422312080136
Wind|WINDInvest2|IRN,0.20326208696946066
Wind|WINDInvest3|IRN,0.18745441265070262
Wind|WINDInvest4|IRN,0.1753590357921043
Wind|WIND_OFFSHOREInvest0|IRN,0.20314755065269743
Wind|WIND_OFFSHOREInvest1|IRN,0.2031475465030573
Wind|WIND_OFFSHOREInvest2|IRN,0.2031475465030573
Wind|WIND_OFFSHOREInvest3|IRN,0.2031475465030573
Wind|WIND_OFFSHOREInvest4|IRN,0.2031475465030573
Solar|PVInvest0|IRQ,0.21569296608020774
Solar|PVInvest1|IRQ,0.21066168880266598
Solar|PVInvest2|IRQ,0.20724536355152903
Solar|PVInvest3|IRQ,0.20617255486612215
Solar|PVInvest4|IRQ,0.20521097644942465
Wind|WINDInvest0|IRQ,0.21428184059171662
Wind|WINDInvest1|IRQ,0.21428184059165756
Wind|WINDInvest2|IRQ,0.21428184059169458
Wind|WINDInvest3|IRQ,0.2142818405916853
Wind|WINDInvest4|IRQ,0.2142818405915144
Wind|WIND_OFFSHOREInvest0|IRQ,0.3235198715910449
Wind|WIND_OFFSHOREInvest1|IRQ,0.3235198715910449
Wind|WIND_OFFSHOREInvest2|IRQ,0.3235198715910449
Wind|WIND_OFFSHOREInvest3|IRQ,0.3235198715910449
Wind|WIND_OFFSHOREInvest4|IRQ,0.3235198715910449
Wind|WINDInvest0|ISL,0.44990892094328694
Wind|WINDInvest1|ISL,0.3977704506294587
Wind|WINDInvest2|ISL,0.3441402276116592
Wind|WINDInvest3|ISL,0.3403938928349929
Wind|WINDInvest4|ISL,0.3368002127289535
Wind|WIND_OFFSHOREInvest0|ISL,0.7350684547355824
Wind|WIND_OFFSHOREInvest1|ISL,0.7208733342826634
Wind|WIND_OFFSHOREInvest2|ISL,0.7164587315724554
Wind|WIND_OFFSHOREInvest3|ISL,0.7106386683771545
Wind|WIND_OFFSHOREInvest4|ISL,0.6920000387302139
Solar|PVInvest0|ISR,0.23239621632960666
Solar|PVInvest1|ISR,0.2314132178493605
Solar|PVInvest2|ISR,0.2282253615218829
Solar|PVInvest3|ISR,0.22818355818757408
Solar|PVInvest4|ISR,0.22808443338453735
Wind|WINDInvest0|ISR,0.07983188486713114
Wind|WINDInvest1|ISR,0.07983188486677631
Wind|WINDInvest2|ISR,0.07983188486747296
Wind|WINDInvest3|ISR,0.07983188486714415
Wind|WINDInvest4|ISR,0.07983188486713114
Solar|PVInvest0|ITA,0.2248113147927892
Solar|PVInvest1|ITA,0.21796176907020406
Solar|PVInvest2|ITA,0.21358037154041765
Solar|PVInvest3|ITA,0.20763771131209463
Solar|PVInvest4|ITA,0.2031974952614261
Wind|WINDInvest0|ITA,0.19600015930869424
Wind|WINDInvest1|ITA,0.1899927705977047
Wind|WINDInvest2|ITA,0.1468901599816678
Wind|WINDInvest3|ITA,0.14689015997972568
Wind|WINDInvest4|ITA,0.10917726355777164
Wind|WIND_OFFSHOREInvest0|ITA,0.42253152636947755
Wind|WIND_OFFSHOREInvest1|ITA,0.41643555051992626
Wind|WIND_OFFSHOREInvest2|ITA,0.39694029049785007
Wind|WIND_OFFSHOREInvest3|ITA,0.3961851329778802
Wind|WIND_OFFSHOREInvest4|ITA,0.3814933957138372
Solar|PVInvest0|JAM,0.26634807805098343
Solar|PVInvest1|JAM,0.2599316895510344
Solar|PVInvest2|JAM,0.259931689550894
Solar|PVInvest3|JAM,0.25993168955119217
Solar|PVInvest4|JAM,0.25993168955103
Wind|WIND_OFFSHOREInvest0|JAM,0.6602220487369242
Wind|WIND_OFFSHOREInvest1|JAM,0.6602220487116627
Wind|WIND_OFFSHOREInvest2|JAM,0.660222048762186
Wind|WIND_OFFSHOREInvest3|JAM,0.6602220487351264
Wind|WIND_OFFSHOREInvest4|JAM,0.6129605400597358
Solar|PVInvest0|JEY,0.16579614986416039
Solar|PVInvest1|JEY,0.16579614986416039
Solar|PVInvest2|JEY,0.16579614986416039
Solar|PVInvest3|JEY,0.16579614986416039
Solar|PVInvest4|JEY,0.16579614986416039
Solar|PVInvest0|JOR,0.22850031299780338
Solar|PVInvest1|JOR,0.21661033930252105
Solar|PVInvest2|JOR,0.21568623315885188
Solar|PVInvest3|JOR,0.21544618575191118
Solar|PVInvest4|JOR,0.215446185751935
Wind|WIND_OFFSHOREInvest0|JOR,0.05840904157572286
Wind|WIND_OFFSHOREInvest1|JOR,0.05840904157572286
Wind|WIND_OFFSHOREInvest2|JOR,0.05840904157572286
Wind|WIND_OFFSHOREInvest3|JOR,0.05840904157572286
Wind|WIND_OFFSHOREInvest4|JOR,0.05840904157572286
Solar|PVInvest0|JPN,0.19674026708878603
Solar|PVInvest1|JPN,0.18784206237305717
Solar|PVInvest2|JPN,0.18522393426733588
Solar|PVInvest3|JPN,0.18251872892327176
Solar|PVInvest4|JPN,0.1807697122305793
Wind|WINDInvest0|JPN,0.40641815877778137
Wind|WINDInvest1|JPN,0.23166024380197786
Wind|WINDInvest2|JPN,0.18670677087653403
Wind|WINDInvest3|JPN,0.15086740864269604
Wind|WINDInvest4|JPN,0.1350854489360925
Wind|WIND_OFFSHOREInvest0|JPN,0.5985042548074851
Wind|WIND_OFFSHOREInvest1|JPN,0.5411135615500883
Wind|WIND_OFFSHOREInvest2|JPN,0.5319957514750349
Wind|WIND_OFFSHOREInvest3|JPN,0.5259743314807794
Wind|WIND_OFFSHOREInvest4|JPN,0.5166053072648225
Solar|PVInvest0|KAZ,0.19773329040240295
Solar|PVInvest1|KAZ,0.19251423939844714
Solar|PVInvest2|KAZ,0.18743175517723884
Solar|PVInvest3|KAZ,0.1816153600438524
Solar|PVInvest4|KAZ,0.17627650022513155
Wind|WINDInvest0|KAZ,0.36083918596570697
Wind|WINDInvest1|KAZ,0.2955895919205992
Wind|WINDInvest2|KAZ,0.2636135347906104
Wind|WINDInvest3|KAZ,0.24718287276847403
Wind|WINDInvest4|KAZ,0.23588316542370882
Wind|WIND_OFFSHOREInvest0|KAZ,0.4889725195372862
Wind|WIND_OFFSHOREInvest1|KAZ,0.4789255550443067
Wind|WIND_OFFSHOREInvest2|KAZ,0.4713916949238252
Wind|WIND_OFFSHOREInvest3|KAZ,0.46900842818859184
Wind|WIND_OFFSHOREInvest4|KAZ,0.4690084281867875
Solar|PVInvest0|KEN,0.26550965734960336
Solar|PVInvest1|KEN,0.2600322386452991
Solar|PVInvest2|KEN,0.2566388961028487
Solar|PVInvest3|KEN,0.25247081996604614
Solar|PVInvest4|KEN,0.2510370089745929
Wind|WINDInvest0|KEN,0.19793069561732654
Wind|WINDInvest1|KEN,0.19793069561732654
Wind|WINDInvest2|KEN,0.19793069561722637
Wind|WINDInvest3|KEN,0.19793069561726256
Wind|WINDInvest4|KEN,0.1979306956174907
Wind|WIND_OFFSHOREInvest0|KEN,0.5089415061662983
Wind|WIND_OFFSHOREInvest1|KEN,0.508030371957156
Wind|WIND_OFFSHOREInvest2|KEN,0.5026767704949489
Wind|WIND_OFFSHOREInvest3|KEN,0.502676770493952
Wind|WIND_OFFSHOREInvest4|KEN,0.5026767704933218
Solar|PVInvest0|KGZ,0.19761678716901296
Solar|PVInvest1|KGZ,0.19380187053661768
Solar|PVInvest2|KGZ,0.1910938604127731
Solar|PVInvest3|KGZ,0.18880178965985772
Solar|PVInvest4|KGZ,0.18422679109832965
Wind|WINDInvest0|KGZ,0.031134489329908435
Wind|WINDInvest1|KGZ,0.021472502455456642
Wind|WINDInvest2|KGZ,0.0156705251392625
Wind|WINDInvest3|KGZ,0.014924682964530861
Wind|WINDInvest4|KGZ,0.014924682964409939
Solar|PVInvest0|KHM,0.23309025789540552
Solar|PVInvest1|KHM,0.2306709375874024
Solar|PVInvest2|KHM,0.22756142209658242
Solar|PVInvest3|KHM,0.2263266559426692
Solar|PVInvest4|KHM,0.22579168916605427
Wind|WINDInvest0|KHM,0.08209508090115585
Wind|WINDInvest1|KHM,0.0804885641914134
Wind|WINDInvest2|KHM,0.08048856419106919
Wind|WINDInvest3|KHM,0.06807648488890064
Wind|WINDInvest4|KHM,0.05102041547364295
Solar|PVInvest0|KNA,0.27127275814624274
Solar|PVInvest1|KNA,0.2712727581536604
Solar|PVInvest2|KNA,0.2712727581543549
Solar|PVInvest3|KNA,0.2712727581522072
Solar|PVInvest4|KNA,0.2712727581511522
Wind|WIND_OFFSHOREInvest0|KNA,0.4551026672453933
Wind|WIND_OFFSHOREInvest1|KNA,0.4551026672606831
Wind|WIND_OFFSHOREInvest2|KNA,0.4551026672531521
Wind|WIND_OFFSHOREInvest3|KNA,0.4551026672530716
Wind|WIND_OFFSHOREInvest4|KNA,0.45510266725308185
Solar|PVInvest0|KOR,0.19828498356797578
Solar|PVInvest1|KOR,0.19202466199302687
Solar|PVInvest2|KOR,0.188011050342917
Solar|PVInvest3|KOR,0.18391529907225812
Solar|PVInvest4|KOR,0.1800878967990509
Wind|WINDInvest0|KOR,0.24281225390794156
Wind|WINDInvest1|KOR,0.24281225390794167
Wind|WINDInvest2|KOR,0.24281225390794148
Wind|WINDInvest3|KOR,0.24281225390794084
Wind|WINDInvest4|KOR,0.23336210854578487
Wind|WIND_OFFSHOREInvest0|KOR,0.4602865207522379
Wind|WIND_OFFSHOREInvest1|KOR,0.46028652075257476
Wind|WIND_OFFSHOREInvest2|KOR,0.4565911573473483
Wind|WIND_OFFSHOREInvest3|KOR,0.4558415737756683
Wind|WIND_OFFSHOREInvest4|KOR,0.45459375216619
Solar|PVInvest0|KWT,0.20677111770301326
Solar|PVInvest1|KWT,0.1965877085118662
Solar|PVInvest2|KWT,0.19658770851176122
Solar|PVInvest3|KWT,0.19658770851176144
Solar|PVInvest4|KWT,0.1945600459255035
Wind|WIND_OFFSHOREInvest0|KWT,0.3476679800060322
Wind|WIND_OFFSHOREInvest1|KWT,0.3476679800079797
Wind|WIND_OFFSHOREInvest2|KWT,0.34766798000744253
Wind|WIND_OFFSHOREInvest3|KWT,0.34766798000717364
Wind|WIND_OFFSHOREInvest4|KWT,0.3476679800072256
Solar|PVInvest0|LAO,0.21338092138289047
Solar|PVInvest1|LAO,0.20829280935582323
Solar|PVInvest2|LAO,0.20571348050638713
Solar|PVInvest3|LAO,0.2017047521289374
Solar|PVInvest4|LAO,0.20008442740364688
Wind|WINDInvest0|LAO,0.0890114088770354
Wind|WINDInvest1|LAO,0.08901140887705951
Wind|WINDInvest2|LAO,0.08901140887704904
Wind|WINDInvest3|LAO,0.08901140887704766
Wind|WINDInvest4|LAO,0.08901140887702276
Solar|PVInvest0|LBN,0.24646891214843322
Solar|PVInvest1|LBN,0.23825380817517106
Solar|PVInvest2|LBN,0.23672753772963118
Solar|PVInvest3|LBN,0.23543855127548052
Solar|PVInvest4|LBN,0.23543855127547866
Wind|WINDInvest0|LBN,0.04452176434918088
Wind|WINDInvest1|LBN,0.04452176434918088
Wind|WINDInvest2|LBN,0.04452176434918088
Wind|WINDInvest3|LBN,0.04452176434918088
Wind|WINDInvest4|LBN,0.04452176434918088
Solar|PVInvest0|LBR,0.19681839864910525
Solar|PVInvest1|LBR,0.1946403791252154
Solar|PVInvest2|LBR,0.1933626510942283
Solar|PVInvest3|LBR,0.19247066103529253
Solar|PVInvest4|LBR,0.19049503353190542
Solar|PVInvest0|LBY,0.22508077301730883
Solar|PVInvest1|LBY,0.20653381571352383
Solar|PVInvest2|LBY,0.2012383031643903
Solar|PVInvest3|LBY,0.1947363723925892
Solar|PVInvest4|LBY,0.18923024293777094
Wind|WINDInvest0|LBY,0.22197658517469865
Wind|WINDInvest1|LBY,0.21095339479514194
Wind|WINDInvest2|LBY,0.19671062131111264
Wind|WINDInvest3|LBY,0.19188881856454768
Wind|WINDInvest4|LBY,0.19100912748421547
Wind|WIND_OFFSHOREInvest0|LBY,0.40421224753531304
Wind|WIND_OFFSHOREInvest1|LBY,0.392448457224757
Wind|WIND_OFFSHOREInvest2|LBY,0.3902288933455504
Wind|WIND_OFFSHOREInvest3|LBY,0.3850443890343792
Wind|WIND_OFFSHOREInvest4|LBY,0.378090711833066
Solar|PVInvest0|LCA,0.2731980717381414
Solar|PVInvest1|LCA,0.2731980717381414
Solar|PVInvest2|LCA,0.2731980717381414
Solar|PVInvest3|LCA,0.2731980717381414
Solar|PVInvest4|LCA,0.2731980717381414
Wind|WIND_OFFSHOREInvest0|LCA,0.4157092752223869
Wind|WIND_OFFSHOREInvest1|LCA,0.4157092752223869
Wind|WIND_OFFSHOREInvest2|LCA,0.4157092752223869
Wind|WIND_OFFSHOREInvest3|LCA,0.4157092752223869
Wind|WIND_OFFSHOREInvest4|LCA,0.4157092752223869
Solar|PVInvest0|LKA,0.23682066647300734
Solar|PVInvest1|LKA,0.23416968193964044
Solar|PVInvest2|LKA,0.23179975912218617
Solar|PVInvest3|LKA,0.22437947684421589
Solar|PVInvest4|LKA,0.22064032306756845
Wind|WINDInvest0|LKA,0.2278667433269805
Wind|WINDInvest1|LKA,0.2278667433269805
Wind|WINDInvest2|LKA,0.22786674332200774
Wind|WINDInvest3|LKA,0.22786674333133614
Wind|WINDInvest4|LKA,0.2278667433260788
Wind|WIND_OFFSHOREInvest0|LKA,0.5311405553896883
Wind|WIND_OFFSHOREInvest1|LKA,0.5311405553918407
Wind|WIND_OFFSHOREInvest2|LKA,0.49759785974498105
Wind|WIND_OFFSHOREInvest3|LKA,0.4861381152868351
Wind|WIND_OFFSHOREInvest4|LKA,0.4679448258965109
Solar|PVInvest0|LSO,0.26217394016152235
Solar|PVInvest1|LSO,0.2621739401615286
Solar|PVInvest2|LSO,0.2578842000300083
Solar|PVInvest3|LSO,0.2531730792057495
Solar|PVInvest4|LSO,0.2531730792056519
Solar|PVInvest0|LTU,0.1355871568863337
Solar|PVInvest1|LTU,0.1297973884214021
Solar|PVInvest2|LTU,0.12954192642976117
Solar|PVInvest3|LTU,0.12893725427428185
Solar|PVInvest4|LTU,0.12736650098612956
Wind|WINDInvest0|LTU,0.16007423271030355
Wind|WINDInvest1|LTU,0.1600742327103158
Wind|WINDInvest2|LTU,0.1446225197188835
Wind|WINDInvest3|LTU,0.11449975475002622
Wind|WINDInvest4|LTU,0.1144997547500261
Wind|WIND_OFFSHOREInvest0|LTU,0.49197159056549145
Wind|WIND_OFFSHOREInvest1|LTU,0.49197159056549383
Wind|WIND_OFFSHOREInvest2|LTU,0.4919715905638012
Wind|WIND_OFFSHOREInvest3|LTU,0.49197159056718437
Wind|WIND_OFFSHOREInvest4|LTU,0.49197159056549267
Solar|PVInvest0|LUX,0.13360566732880902
Solar|PVInvest1|LUX,0.13131889088980328
Solar|PVInvest2|LUX,0.13089031283026833
Solar|PVInvest3|LUX,0.13089031283026833
Solar|PVInvest4|LUX,0.13089031283026833
Solar|PVInvest0|LVA,0.13495558133342647
Solar|PVInvest1|LVA,0.1303415273004139
Solar|PVInvest2|LVA,0.12786304181726893
Solar|PVInvest3|LVA,0.12558305215666235
Solar|PVInvest4|LVA,0.12522294373577073
Wind|WINDInvest0|LVA,0.212428902916281
Wind|WINDInvest1|LVA,0.21242890291617267
Wind|WINDInvest2|LVA,0.2124289029163503
Wind|WINDInvest3|LVA,0.212428902916156
Wind|WINDInvest4|LVA,0.19523479146676204
Wind|WIND_OFFSHOREInvest0|LVA,0.5197243045943659
Wind|WIND_OFFSHOREInvest1|LVA,0.5181697567340054
Wind|WIND_OFFSHOREInvest2|LVA,0.5157791190585064
Wind|WIND_OFFSHOREInvest3|LVA,0.5157791190576245
Wind|WIND_OFFSHOREInvest4|LVA,0.5157791190576198
Solar|PVInvest0|MAR,0.25080290566553193
Solar|PVInvest1|MAR,0.24309148467490493
Solar|PVInvest2|MAR,0.2397292302860732
Solar|PVInvest3|MAR,0.23640400400158998
Solar|PVInvest4|MAR,0.2353843329874654
Wind|WINDInvest0|MAR,0.32440833292662125
Wind|WINDInvest1|MAR,0.3244083329266215
Wind|WINDInvest2|MAR,0.3244083329266214
Wind|WINDInvest3|MAR,0.3244083329266213
Wind|WINDInvest4|MAR,0.32440833292661647
Wind|WIND_OFFSHOREInvest0|MAR,0.5471019311650758
Wind|WIND_OFFSHOREInvest1|MAR,0.5471019311651439
Wind|WIND_OFFSHOREInvest2|MAR,0.5471019311652461
Wind|WIND_OFFSHOREInvest3|MAR,0.5418340940425872
Wind|WIND_OFFSHOREInvest4|MAR,0.5408667944931309
Solar|PVInvest0|MDA,0.1632995598156955
Solar|PVInvest1|MDA,0.16028122999246058
Solar|PVInvest2|MDA,0.15849128278804828
Solar|PVInvest3|MDA,0.1579983329991787
Solar|PVInvest4|MDA,0.1557544062756458
Wind|WINDInvest0|MDA,0.07835535280551266
Wind|WINDInvest1|MDA,0.07835535280531357
Wind|WINDInvest2|MDA,0.07835535280571176
Wind|WINDInvest3|MDA,0.07117319403866837
Wind|WINDInvest4|MDA,0.06920172722588802
Solar|PVInvest0|MDG,0.2571585609855298
Solar|PVInvest1|MDG,0.2502076849697023
Solar|PVInvest2|MDG,0.24711937401553494
Solar|PVInvest3|MDG,0.2457438832419602
Solar|PVInvest4|MDG,0.2440703378880957
Wind|WINDInvest0|MDG,0.08289484605488602
Wind|WINDInvest1|MDG,0.08289484605527862
Wind|WINDInvest2|MDG,0.08289484605508513
Wind|WINDInvest3|MDG,0.08289484605509449
Wind|WINDInvest4|MDG,0.08289484605508911
Wind|WIND_OFFSHOREInvest0|MDG,0.6617978764849137
Wind|WIND_OFFSHOREInvest1|MDG,0.6617978764847186
Wind|WIND_OFFSHOREInvest2|MDG,0.6617978764853044
Wind|WIND_OFFSHOREInvest3|MDG,0.6459919809249696
Wind|WIND_OFFSHOREInvest4|MDG,0.6248606264430887
Solar|PVInvest0|MEX,0.2791170202780197
Solar|PVInvest1|MEX,0.27383373373228204
Solar|PVInvest2|MEX,0.2706247460626964
Solar|PVInvest3|MEX,0.2690039409806124
Solar|PVInvest4|MEX,0.2669525433000093
Wind|WINDInvest0|MEX,0.2783794034860195
Wind|WINDInvest1|MEX,0.26982491534590675
Wind|WINDInvest2|MEX,0.24165299491155343
Wind|WINDInvest3|MEX,0.2033928898675441
Wind|WINDInvest4|MEX,0.16321554882368303
Wind|WIND_OFFSHOREInvest0|MEX,0.4976069311000606
Wind|WIND_OFFSHOREInvest1|MEX,0.48036025711262936
Wind|WIND_OFFSHOREInvest2|MEX,0.4722302595610338
Wind|WIND_OFFSHOREInvest3|MEX,0.4716840406052828
Wind|WIND_OFFSHOREInvest4|MEX,0.45634472962009603
Solar|PVInvest0|MHL,0.19471369676750175
Solar|PVInvest1|MHL,0.19471369676750175
Solar|PVInvest2|MHL,0.19471369676750175
Solar|PVInvest3|MHL,0.19471369676750175
Solar|PVInvest4|MHL,0.19471369676750175
Wind|WIND_OFFSHOREInvest0|MHL,0.27189357244759654
Wind|WIND_OFFSHOREInvest1|MHL,0.2718935724511314
Wind|WIND_OFFSHOREInvest2|MHL,0.2718935724495956
Wind|WIND_OFFSHOREInvest3|MHL,0.2718935724482094
Wind|WIND_OFFSHOREInvest4|MHL,0.24741172599071068
Solar|PVInvest0|MKD,0.18583077411894106
Solar|PVInvest1|MKD,0.18583077411894114
Solar|PVInvest2|MKD,0.1843763679219858
Solar|PVInvest3|MKD,0.18289905307293175
Solar|PVInvest4|MKD,0.18289905307272322
Solar|PVInvest0|MLI,0.23856177378007948
Solar|PVInvest1|MLI,0.2371750643524221
Solar|PVInvest2|MLI,0.23618269855825588
Solar|PVInvest3|MLI,0.2348852891578616
Solar|PVInvest4|MLI,0.233690351552529
Wind|WINDInvest0|MLI,0.17282687263451224
Wind|WINDInvest1|MLI,0.17282687263451227
Wind|WINDInvest2|MLI,0.17187862030885956
Wind|WINDInvest3|MLI,0.1695273525135073
Wind|WINDInvest4|MLI,0.16952735251346018
Solar|PVInvest0|MLT,0.2505287776942452
Solar|PVInvest1|MLT,0.2505287776942452
Solar|PVInvest2|MLT,0.2505287776942452
Solar|PVInvest3|MLT,0.25052877769424525
Solar|PVInvest4|MLT,0.25052877769424525
Wind|WIND_OFFSHOREInvest0|MLT,0.37016242597081545
Wind|WIND_OFFSHOREInvest1|MLT,0.37016242597081545
Wind|WIND_OFFSHOREInvest2|MLT,0.37016242597081533
Wind|WIND_OFFSHOREInvest3|MLT,0.37016242597081533
Wind|WIND_OFFSHOREInvest4|MLT,0.37016242597081533
Solar|PVInvest0|MMR,0.21364919496545964
Solar|PVInvest1|MMR,0.20440679009748997
Solar|PVInvest2|MMR,0.20084541686483764
Solar|PVInvest3|MMR,0.19923836906664605
Solar|PVInvest4|MMR,0.19819961589658489
Wind|WINDInvest0|MMR,0.07270529586952805
Wind|WINDInvest1|MMR,0.0680823737607467
Wind|WINDInvest2|MMR,0.06498737779253888
Wind|WINDInvest3|MMR,0.06497754253678191
Wind|WINDInvest4|MMR,0.06288865419485382
Solar|PVInvest0|MNE,0.19818327393945015
Solar|PVInvest1|MNE,0.19818327393918664
Solar|PVInvest2|MNE,0.19818327393971358
Solar|PVInvest3|MNE,0.18379848266977683
Solar|PVInvest4|MNE,0.17414554920207084
Wind|WINDInvest0|MNE,0.011047602756380642
Wind|WINDInvest1|MNE,0.011047602756380642
Wind|WINDInvest2|MNE,0.011047602756380642
Wind|WINDInvest3|MNE,0.011047602756380642
Wind|WINDInvest4|MNE,0.011047602756380642
Wind|WIND_OFFSHOREInvest0|MNE,0.22036013977165383
Wind|WIND_OFFSHOREInvest1|MNE,0.22036013977165383
Wind|WIND_OFFSHOREInvest2|MNE,0.22036013977165383
Wind|WIND_OFFSHOREInvest3|MNE,0.22036013977165383
Wind|WIND_OFFSHOREInvest4|MNE,0.22036013977165383
Solar|PVInvest0|MNG,0.20502424051236143
Solar|PVInvest1|MNG,0.19855976485818586
Solar|PVInvest2|MNG,0.19223881481833022
Solar|PVInvest3|MNG,0.1885971332042501
Solar|PVInvest4|MNG,0.18732067936216076
Wind|WINDInvest0|MNG,0.2792830494930926
Wind|WINDInvest1|MNG,0.25089596284793225
Wind|WINDInvest2|MNG,0.23535766272366837
Wind|WINDInvest3|MNG,0.21171422028164533
Wind|WINDInvest4|MNG,0.20545488768446893
Solar|PVInvest0|MNP,0.2794777773872727
Solar|PVInvest1|MNP,0.2794777773872727
Solar|PVInvest2|MNP,0.2794777773872727
Solar|PVInvest3|MNP,0.2794777773872727
Solar|PVInvest4|MNP,0.2794777773872727
Solar|PVInvest0|MOZ,0.24284119839715065
Solar|PVInvest1|MOZ,0.2353347218641196
Solar|PVInvest2|MOZ,0.23286769093826518
Solar|PVInvest3|MOZ,0.23241736847711356
Solar|PVInvest4|MOZ,0.2304515067249786
Wind|WINDInvest0|MOZ,0.09380915183216651
Wind|WINDInvest1|MOZ,0.09380915183222698
Wind|WINDInvest2|MOZ,0.09380915183220971
Wind|WINDInvest3|MOZ,0.09380915183219858
Wind|WINDInvest4|MOZ,0.09380915183218147
Wind|WIND_OFFSHOREInvest0|MOZ,0.48131517899277276
Wind|WIND_OFFSHOREInvest1|MOZ,0.4813151789927731
Wind|WIND_OFFSHOREInvest2|MOZ,0.48131517899121645
Wind|WIND_OFFSHOREInvest3|MOZ,0.4603642167473083
Wind|WIND_OFFSHOREInvest4|MOZ,0.44105072730644557
Solar|PVInvest0|MRT,0.22897558499444695
Solar|PVInvest1|MRT,0.22015010616980726
Solar|PVInvest2|MRT,0.21853600642538837
Solar|PVInvest3|MRT,0.216918631516988
Solar|PVInvest4|MRT,0.2158062697637636
Wind|WINDInvest0|MRT,0.23013105387868563
Wind|WINDInvest1|MRT,0.22794586899344407
Wind|WINDInvest2|MRT,0.2206014210043369
Wind|WINDInvest3|MRT,0.21931368206286544
Wind|WINDInvest4|MRT,0.21593094559361287
Wind|WIND_OFFSHOREInvest0|MRT,0.577418377470886
Wind|WIND_OFFSHOREInvest1|MRT,0.577418377470897
Wind|WIND_OFFSHOREInvest2|MRT,0.5774183774708916
Wind|WIND_OFFSHOREInvest3|MRT,0.5543072305227975
Wind|WIND_OFFSHOREInvest4|MRT,0.5304089469008652
Solar|PVInvest0|MWI,0.24893226425906073
Solar|PVInvest1|MWI,0.24494663358649674
Solar|PVInvest2|MWI,0.23903194534148292
Solar|PVInvest3|MWI,0.23864126386162532
Solar|PVInvest4|MWI,0.23629781960096913
Solar|PVInvest0|MYS,0.22281132990955546
Solar|PVInvest1|MYS,0.2113054455272879
Solar|PVInvest2|MYS,0.2094840058635787
Solar|PVInvest3|MYS,0.20817732288167468
Solar|PVInvest4|MYS,0.20534898602825094
Wind|WINDInvest0|MYS,0.04463928110751129
Wind|WINDInvest1|MYS,0.04463928110750877
Wind|WINDInvest2|MYS,0.03364284403773512
Wind|WINDInvest3|MYS,0.027062619980009157
Wind|WINDInvest4|MYS,0.02611834525558247
Solar|PVInvest0|NAM,0.2653316206662651
Solar|PVInvest1|NAM,0.2614823616670719
Solar|PVInvest2|NAM,0.260218076451256
Solar|PVInvest3|NAM,0.258708393826157
Solar|PVInvest4|NAM,0.2573003909172192
Wind|WINDInvest0|NAM,0.13017600971683504
Wind|WINDInvest1|NAM,0.1301760097167742
Wind|WINDInvest2|NAM,0.13017600971689647
Wind|WINDInvest3|NAM,0.10958404378293461
Wind|WINDInvest4|NAM,0.10412723724729582
Wind|WIND_OFFSHOREInvest0|NAM,0.6295961998162661
Wind|WIND_OFFSHOREInvest1|NAM,0.622441767139785
Wind|WIND_OFFSHOREInvest2|NAM,0.6176117849062525
Wind|WIND_OFFSHOREInvest3|NAM,0.6131218102465812
Wind|WIND_OFFSHOREInvest4|NAM,0.602146898834487
Solar|PVInvest0|NCL,0.20371889091886386
Solar|PVInvest1|NCL,0.197460430066221
Solar|PVInvest2|NCL,0.19482064616706735
Solar|PVInvest3|NCL,0.19459523278019547
Solar|PVInvest4|NCL,0.1921738359227669
Wind|WINDInvest0|NCL,0.2836567611519175
Wind|WINDInvest1|NCL,0.2836567611519175
Wind|WINDInvest2|NCL,0.2836567611519175
Wind|WINDInvest3|NCL,0.2836567611519175
Wind|WINDInvest4|NCL,0.2836567611519175
Solar|PVInvest0|NER,0.2377870543926112
Solar|PVInvest1|NER,0.2297900845203485
Solar|PVInvest2|NER,0.22580392124593038
Solar|PVInvest3|NER,0.2174087041730242
Solar|PVInvest4|NER,0.21546716447255654
Wind|WINDInvest0|NER,0.2770441067127645
Wind|WINDInvest1|NER,0.2770441067127645
Wind|WINDInvest2|NER,0.2770441067127645
Wind|WINDInvest3|NER,0.24968430515469361
Wind|WINDInvest4|NER,0.2007691651084941
Solar|PVInvest0|NGA,0.24249624334351616
Solar|PVInvest1|NGA,0.23653003974041692
Solar|PVInvest2|NGA,0.2309921393634794
Solar|PVInvest3|NGA,0.22647472401728933
Solar|PVInvest4|NGA,0.2236919626684684
Wind|WINDInvest0|NGA,0.056653767797898255
Wind|WINDInvest1|NGA,0.05665376779786681
Wind|WINDInvest2|NGA,0.05665376779792976
Wind|WINDInvest3|NGA,0.05665376779789827
Wind|WINDInvest4|NGA,0.04619676444569135
Solar|PVInvest0|NIC,0.2539220159482084
Solar|PVInvest1|NIC,0.24662919358086716
Solar|PVInvest2|NIC,0.24524421943046032
Solar|PVInvest3|NIC,0.2304863939982997
Solar|PVInvest4|NIC,0.2234706792488709
Wind|WINDInvest0|NIC,0.2555932848353787
Wind|WINDInvest1|NIC,0.24567889757176983
Wind|WINDInvest2|NIC,0.24567889757260292
Wind|WINDInvest3|NIC,0.2456788975721079
Wind|WINDInvest4|NIC,0.24567889757210779
Wind|WIND_OFFSHOREInvest0|NIC,0.36447756308780654
Wind|WIND_OFFSHOREInvest1|NIC,0.3644775630895169
Wind|WIND_OFFSHOREInvest2|NIC,0.36447756308866547
Wind|WIND_OFFSHOREInvest3|NIC,0.36447756308866325
Wind|WIND_OFFSHOREInvest4|NIC,0.3644775630714948
Solar|PVInvest0|NLD,0.15546634628352704
Solar|PVInvest1|NLD,0.1428568581320175
Solar|PVInvest2|NLD,0.1420980986632393
Solar|PVInvest3|NLD,0.14209809866324496
Solar|PVInvest4|NLD,0.142098098663241
Wind|WINDInvest0|NLD,0.338201835421565
Wind|WINDInvest1|NLD,0.338201835421565
Wind|WINDInvest2|NLD,0.3382018354205664
Wind|WINDInvest3|NLD,0.33820183542246834
Wind|WINDInvest4|NLD,0.33820183542166016
Wind|WIND_OFFSHOREInvest0|NLD,0.6218719462862868
Wind|WIND_OFFSHOREInvest1|NLD,0.6218719462862871
Wind|WIND_OFFSHOREInvest2|NLD,0.6218719462862864
Wind|WIND_OFFSHOREInvest3|NLD,0.6218719462862855
Wind|WIND_OFFSHOREInvest4|NLD,0.6218719462861083
Solar|PVInvest0|NOR,0.13593451322601108
Solar|PVInvest1|NOR,0.13331094683617448
Solar|PVInvest2|NOR,0.13112278214944081
Solar|PVInvest3|NOR,0.12838385132709748
Solar|PVInvest4|NOR,0.12766201574693858
Wind|WINDInvest0|NOR,0.3046453731855375
Wind|WINDInvest1|NOR,0.25317123999261976
Wind|WINDInvest2|NOR,0.17528890281318185
Wind|WINDInvest3|NOR,0.13393261914955495
Wind|WINDInvest4|NOR,0.12090200818126308
Wind|WIND_OFFSHOREInvest0|NOR,0.6434879578132282
Wind|WIND_OFFSHOREInvest1|NOR,0.6330346892090027
Wind|WIND_OFFSHOREInvest2|NOR,0.6215435410123945
Wind|WIND_OFFSHOREInvest3|NOR,0.6054690975186903
Wind|WIND_OFFSHOREInvest4|NOR,0.6003103310529152
Solar|PVInvest0|NPL,0.20546071221450082
Solar|PVInvest1|NPL,0.20520629185744732
Solar|PVInvest2|NPL,0.20420782633428924
Solar|PVInvest3|NPL,0.20263569151928815
Solar|PVInvest4|NPL,0.20263569151907013
Wind|WINDInvest0|NPL,0.032251034071519684
Wind|WINDInvest1|NPL,0.03225103407268543
Wind|WINDInvest2|NPL,0.03225103407261722
Wind|WINDInvest3|NPL,0.026384654662063137
Wind|WINDInvest4|NPL,0.02581365477929288
Solar|PVInvest0|NZL,0.15997814056654253
Solar|PVInvest1|NZL,0.14996402082131927
Solar|PVInvest2|NZL,0.1489322607557656
Solar|PVInvest3|NZL,0.14595773297171605
Solar|PVInvest4|NZL,0.14372229598296868
Wind|WINDInvest0|NZL,0.28845100714456434
Wind|WINDInvest1|NZL,0.28845100715789557
Wind|WINDInvest2|NZL,0.2884510071515136
Wind|WINDInvest3|NZL,0.20724322685783703
Wind|WINDInvest4|NZL,0.1597311971909601
Wind|WIND_OFFSHOREInvest0|NZL,0.5133835893056189
Wind|WIND_OFFSHOREInvest1|NZL,0.5133835893055982
Wind|WIND_OFFSHOREInvest2|NZL,0.49860248060756207
Wind|WIND_OFFSHOREInvest3|NZL,0.49379404571032337
Wind|WIND_OFFSHOREInvest4|NZL,0.48588548328773973
Solar|PVInvest0|OMN,0.2613245681598339
Solar|PVInvest1|OMN,0.254536801171806
Solar|PVInvest2|OMN,0.24947350169938512
Solar|PVInvest3|OMN,0.24726574680723235
Solar|PVInvest4|OMN,0.2325165040220783
Wind|WINDInvest0|OMN,0.19217408141382528
Wind|WINDInvest1|OMN,0.19217408141378908
Wind|WINDInvest2|OMN,0.19217408141381837
Wind|WINDInvest3|OMN,0.19217408141382167
Wind|WINDInvest4|OMN,0.19217408141382913
Wind|WIND_OFFSHOREInvest0|OMN,0.47701477089665373
Wind|WIND_OFFSHOREInvest1|OMN,0.47009261822187853
Wind|WIND_OFFSHOREInvest2|OMN,0.4700926182221247
Wind|WIND_OFFSHOREInvest3|OMN,0.4567816318733787
Wind|WIND_OFFSHOREInvest4|OMN,0.44303719004571035
Solar|PVInvest0|PAK,0.2489986089331747
Solar|PVInvest1|PAK,0.24185993226522423
Solar|PVInvest2|PAK,0.23818502429483412
Solar|PVInvest3|PAK,0.23479177668667472
Solar|PVInvest4|PAK,0.23213659338885112
Wind|WINDInvest0|PAK,0.2233073948917743
Wind|WINDInvest1|PAK,0.21879715488026738
Wind|WINDInvest2|PAK,0.21156836632076076
Wind|WINDInvest3|PAK,0.19667361517957227
Wind|WINDInvest4|PAK,0.1720259776074519
Wind|WIND_OFFSHOREInvest0|PAK,0.39592164531788315
Wind|WIND_OFFSHOREInvest1|PAK,0.39592164531392204
Wind|WIND_OFFSHOREInvest2|PAK,0.39592164532156865
Wind|WIND_OFFSHOREInvest3|PAK,0.39592164531714263
Wind|WIND_OFFSHOREInvest4|PAK,0.3837766144983101
Solar|PVInvest0|PAN,0.21377964529882565
Solar|PVInvest1|PAN,0.20783743131538102
Solar|PVInvest2|PAN,0.20699733747546922
Solar|PVInvest3|PAN,0.20619257038674044
Solar|PVInvest4|PAN,0.2039671497143547
Wind|WINDInvest0|PAN,0.05073363612622597
Wind|WINDInvest1|PAN,0.050733636126239455
Wind|WINDInvest2|PAN,0.05073363612623272
Wind|WINDInvest3|PAN,0.05073363612623272
Wind|WINDInvest4|PAN,0.05073363612623272
Wind|WIND_OFFSHOREInvest0|PAN,0.1469965404101377
Wind|WIND_OFFSHOREInvest1|PAN,0.14699654041590005
Wind|WIND_OFFSHOREInvest2|PAN,0.14699654042339452
Wind|WIND_OFFSHOREInvest3|PAN,0.14699654041644167
Wind|WIND_OFFSHOREInvest4|PAN,0.14699654041636875
Solar|PVInvest0|PER,0.2868862992062187
Solar|PVInvest1|PER,0.2769614082477068
Solar|PVInvest2|PER,0.27352849288867176
Solar|PVInvest3|PER,0.27001674425953925
Solar|PVInvest4|PER,0.2691352899735501
Wind|WINDInvest0|PER,0.21340416375462518
Wind|WINDInvest1|PER,0.2134041637581333
Wind|WINDInvest2|PER,0.21340416375637938
Wind|WINDInvest3|PER,0.21340416375638377
Wind|WINDInvest4|PER,0.21340416375638044
Wind|WIND_OFFSHOREInvest0|PER,0.578855722967238
Wind|WIND_OFFSHOREInvest1|PER,0.5538515805984336
Wind|WIND_OFFSHOREInvest2|PER,0.5235599472254386
Wind|WIND_OFFSHOREInvest3|PER,0.5092090867182706
Wind|WIND_OFFSHOREInvest4|PER,0.46873146438720886
Solar|PVInvest0|PHL,0.2506376244013632
Solar|PVInvest1|PHL,0.2389152638121907
Solar|PVInvest2|PHL,0.2336174636785698
Solar|PVInvest3|PHL,0.23188139594800314
Solar|PVInvest4|PHL,0.22675887931453578
Wind|WINDInvest0|PHL,0.20118579384082233
Wind|WINDInvest1|PHL,0.17797984985990467
Wind|WINDInvest2|PHL,0.17578838578130354
Wind|WINDInvest3|PHL,0.17449174747734028
Wind|WINDInvest4|PHL,0.17135546967396914
Wind|WIND_OFFSHOREInvest0|PHL,0.5705389515349389
Wind|WIND_OFFSHOREInvest1|PHL,0.5379695595725431
Wind|WIND_OFFSHOREInvest2|PHL,0.4990334496609638
Wind|WIND_OFFSHOREInvest3|PHL,0.4652924198758798
Wind|WIND_OFFSHOREInvest4|PHL,0.45739052272786784
Solar|PVInvest0|PNG,0.17351208641646435
Solar|PVInvest1|PNG,0.16090821344053544
Solar|PVInvest2|PNG,0.15306927104854745
Solar|PVInvest3|PNG,0.15070080754866966
Solar|PVInvest4|PNG,0.1453707476996961
Wind|WINDInvest0|PNG,0.1488723176725596
Wind|WINDInvest1|PNG,0.1488723176725579
Wind|WINDInvest2|PNG,0.14887231767256498
Wind|WINDInvest3|PNG,0.14887231767256018
Wind|WINDInvest4|PNG,0.13862465313485423
Wind|WIND_OFFSHOREInvest0|PNG,0.5075552189005158
Wind|WIND_OFFSHOREInvest1|PNG,0.5075552188992186
Wind|WIND_OFFSHOREInvest2|PNG,0.5075552189009559
Wind|WIND_OFFSHOREInvest3|PNG,0.4721032848671891
Wind|WIND_OFFSHOREInvest4|PNG,0.41491744433823774
Solar|PVInvest0|POL,0.14692727222945198
Solar|PVInvest1|POL,0.14393366057111645
Solar|PVInvest2|POL,0.1422150251967521
Solar|PVInvest3|POL,0.14102773515900646
Solar|PVInvest4|POL,0.14030069073959558
Wind|WINDInvest0|POL,0.23515639193337598
Wind|WINDInvest1|POL,0.16215158828689796
Wind|WINDInvest2|POL,0.14151199113061574
Wind|WINDInvest3|POL,0.12966606235816333
Wind|WINDInvest4|POL,0.12390862549217298
Wind|WIND_OFFSHOREInvest0|POL,0.4957543615032417
Wind|WIND_OFFSHOREInvest1|POL,0.49575436150324803
Wind|WIND_OFFSHOREInvest2|POL,0.49575436150323765
Wind|WIND_OFFSHOREInvest3|POL,0.4957543615031116
Wind|WIND_OFFSHOREInvest4|POL,0.4920967866886142
Solar|PVInvest0|PRI,0.2606369147556799
Solar|PVInvest1|PRI,0.2539415661833005
Solar|PVInvest2|PRI,0.25394156618422314
Solar|PVInvest3|PRI,0.2539415661836582
Solar|PVInvest4|PRI,0.2539415661836371
Solar|PVInvest0|PRK,0.18799441072159842
Solar|PVInvest1|PRK,0.18574997794727918
Solar|PVInvest2|PRK,0.1795547640224454
Solar|PVInvest3|PRK,0.17826107464365104
Solar|PVInvest4|PRK,0.17792458472229442
Wind|WINDInvest0|PRK,0.11581871681882137
Wind|WINDInvest1|PRK,0.11301092838785651
Wind|WINDInvest2|PRK,0.1103132840929302
Wind|WINDInvest3|PRK,0.11031328409207641
Wind|WINDInvest4|PRK,0.11031328409380024
Wind|WIND_OFFSHOREInvest0|PRK,0.3810425019246673
Wind|WIND_OFFSHOREInvest1|PRK,0.38013071136541626
Wind|WIND_OFFSHOREInvest2|PRK,0.38013071136575044
Wind|WIND_OFFSHOREInvest3|PRK,0.38013071136540133
Wind|WIND_OFFSHOREInvest4|PRK,0.35689752770180355
Solar|PVInvest0|PRT,0.2288160746328571
Solar|PVInvest1|PRT,0.22151489032308552
Solar|PVInvest2|PRT,0.21130113776869042
Solar|PVInvest3|PRT,0.2090640763489311
Solar|PVInvest4|PRT,0.2078791775551086
Wind|WIND_OFFSHOREInvest0|PRT,0.5739969381486402
Wind|WIND_OFFSHOREInvest1|PRT,0.5605758317709599
Wind|WIND_OFFSHOREInvest2|PRT,0.5487822101993883
Wind|WIND_OFFSHOREInvest3|PRT,0.548782210203671
Wind|WIND_OFFSHOREInvest4|PRT,0.5487822102015202
Solar|PVInvest0|PRY,0.22330101810897912
Solar|PVInvest1|PRY,0.21613657174816986
Solar|PVInvest2|PRY,0.2121862001557383
Solar|PVInvest3|PRY,0.21152461619749058
Solar|PVInvest4|PRY,0.2106578273562636
Wind|WINDInvest0|PRY,0.12504710229992594
Wind|WINDInvest1|PRY,0.12202593255065375
Wind|WINDInvest2|PRY,0.12088740879296983
Wind|WINDInvest3|PRY,0.12088740879236591
Wind|WINDInvest4|PRY,0.11993171468035119
Solar|PVInvest0|QAT,0.23615911877919524
Solar|PVInvest1|QAT,0.23615911877913895
Solar|PVInvest2|QAT,0.23615911877904763
Solar|PVInvest3|QAT,0.2361591187793993
Solar|PVInvest4|QAT,0.23474319053544132
Solar|PVInvest0|ROU,0.17995548229314204
Solar|PVInvest1|ROU,0.16864194154836415
Solar|PVInvest2|ROU,0.16499683414548527
Solar|PVInvest3|ROU,0.16366602498168834
Solar|PVInvest4|ROU,0.16193689715841997
Wind|WINDInvest0|ROU,0.14834205523666438
Wind|WINDInvest1|ROU,0.09899263740639558
Wind|WINDInvest2|ROU,0.07663904213009336
Wind|WINDInvest3|ROU,0.07376355978301878
Wind|WINDInvest4|ROU,0.06943548869579298
Wind|WIND_OFFSHOREInvest0|ROU,0.39022358779703936
Wind|WIND_OFFSHOREInvest1|ROU,0.3902235877970394
Wind|WIND_OFFSHOREInvest2|ROU,0.39022358779703936
Wind|WIND_OFFSHOREInvest3|ROU,0.3902235877970195
Wind|WIND_OFFSHOREInvest4|ROU,0.39022358779701405
Solar|PVInvest0|RUS,0.16963233031030345
Solar|PVInvest1|RUS,0.15752032808681762
Solar|PVInvest2|RUS,0.15100805559826455
Solar|PVInvest3|RUS,0.14700289742647665
Solar|PVInvest4|RUS,0.14407856976786773
Wind|WINDInvest0|RUS,0.37179974499395246
Wind|WINDInvest1|RUS,0.3422035395907947
Wind|WINDInvest2|RUS,0.32379286065934176
Wind|WINDInvest3|RUS,0.2803074672813646
Wind|WINDInvest4|RUS,0.24189871475703412
Wind|WIND_OFFSHOREInvest0|RUS,0.4966148230443265
Wind|WIND_OFFSHOREInvest1|RUS,0.45367500609006317
Wind|WIND_OFFSHOREInvest2|RUS,0.44003055563083937
Wind|WIND_OFFSHOREInvest3|RUS,0.4308291815053938
Wind|WIND_OFFSHOREInvest4|RUS,0.4249666998098853
Solar|PVInvest0|RWA,0.23541465976232803
Solar|PVInvest1|RWA,0.23541465976689788
Solar|PVInvest2|RWA,0.23541465976646375
Solar|PVInvest3|RWA,0.2278810504893879
Solar|PVInvest4|RWA,0.226219717255271
Solar|PVInvest0|SAU,0.25981851845015996
Solar|PVInvest1|SAU,0.2541836738961856
Solar|PVInvest2|SAU,0.24961376557568196
Solar|PVInvest3|SAU,0.24356845438264588
Solar|PVInvest4|SAU,0.23790941657171788
Wind|WINDInvest0|SAU,0.21937425099845198
Wind|WINDInvest1|SAU,0.21570995447198132
Wind|WINDInvest2|SAU,0.2082882090704545
Wind|WINDInvest3|SAU,0.18297189259836721
Wind|WINDInvest4|SAU,0.17932800150219874
Wind|WIND_OFFSHOREInvest0|SAU,0.36859148800760144
Wind|WIND_OFFSHOREInvest1|SAU,0.368407879657167
Wind|WIND_OFFSHOREInvest2|SAU,0.36840787965603083
Wind|WIND_OFFSHOREInvest3|SAU,0.3684078796558915
Wind|WIND_OFFSHOREInvest4|SAU,0.3684078796558652
Solar|PVInvest0|SDN,0.25587813808010773
Solar|PVInvest1|SDN,0.25355360016490386
Solar|PVInvest2|SDN,0.25221227433342785
Solar|PVInvest3|SDN,0.249317963942786
Solar|PVInvest4|SDN,0.2454832294521394
Wind|WINDInvest0|SDN,0.3095504795240503
Wind|WINDInvest1|SDN,0.30696235388785476
Wind|WINDInvest2|SDN,0.2992569261241045
Wind|WINDInvest3|SDN,0.2855731967657814
Wind|WINDInvest4|SDN,0.2774571095991435
Wind|WIND_OFFSHOREInvest0|SDN,0.3954954599313159
Wind|WIND_OFFSHOREInvest1|SDN,0.39549545993693486
Wind|WIND_OFFSHOREInvest2|SDN,0.3912548576796965
Wind|WIND_OFFSHOREInvest3|SDN,0.3838354718684655
Wind|WIND_OFFSHOREInvest4|SDN,0.3838354718633715
Solar|PVInvest0|SEN,0.24190277744647884
Solar|PVInvest1|SEN,0.23588866495799934
Solar|PVInvest2|SEN,0.2322498444114166
Solar|PVInvest3|SEN,0.23079794322750186
Solar|PVInvest4|SEN,0.2281466689659096
Wind|WINDInvest0|SEN,0.06062643941484314
Wind|WINDInvest1|SEN,0.06062643941484314
Wind|WINDInvest2|SEN,0.06062643941484314
Wind|WINDInvest3|SEN,0.06062643941484314
Wind|WINDInvest4|SEN,0.06062643941484314
Wind|WIND_OFFSHOREInvest0|SEN,0.41782124234416274
Wind|WIND_OFFSHOREInvest1|SEN,0.4178212423443717
Wind|WIND_OFFSHOREInvest2|SEN,0.4178212423483754
Wind|WIND_OFFSHOREInvest3|SEN,0.4178212423457029
Wind|WIND_OFFSHOREInvest4|SEN,0.417821242345642
Solar|PVInvest0|SGP,0.2344998952854498
Solar|PVInvest1|SGP,0.2344998952854498
Solar|PVInvest2|SGP,0.2344998952854498
Solar|PVInvest3|SGP,0.2344998952854498
Solar|PVInvest4|SGP,0.2344998952854498
Solar|PVInvest0|SLB,0.19008701863575722
Solar|PVInvest1|SLB,0.18977166933616715
Solar|PVInvest2|SLB,0.18821186956904495
Solar|PVInvest3|SLB,0.1864482331785136
Solar|PVInvest4|SLB,0.1854610957497429
Wind|WIND_OFFSHOREInvest0|SLB,0.3653500697580347
Wind|WIND_OFFSHOREInvest1|SLB,0.3653500697653366
Wind|WIND_OFFSHOREInvest2|SLB,0.3653500697628546
Wind|WIND_OFFSHOREInvest3|SLB,0.36535006976231105
Wind|WIND_OFFSHOREInvest4|SLB,0.36535006976213424
Solar|PVInvest0|SLE,0.21541731035736728
Solar|PVInvest1|SLE,0.2135476830325297
Solar|PVInvest2|SLE,0.21297203374683243
Solar|PVInvest3|SLE,0.21165454306511292
Solar|PVInvest4|SLE,0.20759007576185712
Solar|PVInvest0|SLV,0.2667785233077521
Solar|PVInvest1|SLV,0.2653543129208821
Solar|PVInvest2|SLV,0.2653543129208137
Solar|PVInvest3|SLV,0.2543154523026701
Solar|PVInvest4|SLV,0.24726407200302009
Wind|WIND_OFFSHOREInvest0|SLV,0.11319181058581576
Wind|WIND_OFFSHOREInvest1|SLV,0.11319181058581576
Wind|WIND_OFFSHOREInvest2|SLV,0.11319181058581576
Wind|WIND_OFFSHOREInvest3|SLV,0.11319181058581576
Wind|WIND_OFFSHOREInvest4|SLV,0.11319181058581576
Solar|PVInvest0|SOM,0.25954219688492997
Solar|PVInvest1|SOM,0.2549484050504938
Solar|PVInvest2|SOM,0.2526895145382518
Solar|PVInvest3|SOM,0.2513221405017363
Solar|PVInvest4|SOM,0.2489786140414038
Wind|WINDInvest0|SOM,0.3503242152128072
Wind|WINDInvest1|SOM,0.3503242152128072
Wind|WINDInvest2|SOM,0.3503242152128072
Wind|WINDInvest3|SOM,0.3503242152128072
Wind|WINDInvest4|SOM,0.3503242152128072
Wind|WIND_OFFSHOREInvest0|SOM,0.6893409196113237
Wind|WIND_OFFSHOREInvest1|SOM,0.6810244043632602
Wind|WIND_OFFSHOREInvest2|SOM,0.6617182989109328
Wind|WIND_OFFSHOREInvest3|SOM,0.6608134674443163
Wind|WIND_OFFSHOREInvest4|SOM,0.6512761520443154
Solar|PVInvest0|SPM,0.16986049842720036
Solar|PVInvest1|SPM,0.16986049842720036
Solar|PVInvest2|SPM,0.16986049842720036
Solar|PVInvest3|SPM,0.16986049842720036
Solar|PVInvest4|SPM,0.16986049842720036
Solar|PVInvest0|SRB,0.17488060123073204
Solar|PVInvest1|SRB,0.17258456844288644
Solar|PVInvest2|SRB,0.17247784002941338
Solar|PVInvest3|SRB,0.17202091851094883
Solar|PVInvest4|SRB,0.1702327567280934
Wind|WINDInvest0|SRB,0.07202288152770342
Wind|WINDInvest1|SRB,0.0720228815277034
Wind|WINDInvest2|SRB,0.07202288152770343
Wind|WINDInvest3|SRB,0.07202288152770307
Wind|WINDInvest4|SRB,0.06177795826677153
Solar|PVInvest0|STP,0.24871575519456054
Solar|PVInvest1|STP,0.24871575519989078
Solar|PVInvest2|STP,0.24871575520161748
Solar|PVInvest3|STP,0.24871575519663297
Solar|PVInvest4|STP,0.24871575520090064
Solar|PVInvest0|SUR,0.2366026982864935
Solar|PVInvest1|SUR,0.23481735790083916
Solar|PVInvest2|SUR,0.23481735790084285
Solar|PVInvest3|SUR,0.23362713702893045
Solar|PVInvest4|SUR,0.23297566873482273
Wind|WINDInvest0|SUR,0.04442833971727618
Wind|WINDInvest1|SUR,0.04442833971730067
Wind|WINDInvest2|SUR,0.04442833971729074
Wind|WINDInvest3|SUR,0.04442833971729192
Wind|WINDInvest4|SUR,0.04442833971728971
Wind|WIND_OFFSHOREInvest0|SUR,0.4905114726799739
Wind|WIND_OFFSHOREInvest1|SUR,0.4905114726799731
Wind|WIND_OFFSHOREInvest2|SUR,0.4847872024407968
Wind|WIND_OFFSHOREInvest3|SUR,0.4683499551913288
Wind|WIND_OFFSHOREInvest4|SUR,0.4683499551911344
Solar|PVInvest0|SVK,0.15017409373990956
Solar|PVInvest1|SVK,0.14983097791085137
Solar|PVInvest2|SVK,0.1496819250268094
Solar|PVInvest3|SVK,0.14901530194768942
Solar|PVInvest4|SVK,0.1479533268421342
Wind|WINDInvest0|SVK,0.1035216973033267
Wind|WINDInvest1|SVK,0.10352169730392426
Wind|WINDInvest2|SVK,0.10352169730388609
Wind|WINDInvest3|SVK,0.10352169730371236
Wind|WINDInvest4|SVK,0.10352169730371236
Solar|PVInvest0|SVN,0.16471469234965438
Solar|PVInvest1|SVN,0.15873623882255394
Solar|PVInvest2|SVN,0.15873623882256088
Solar|PVInvest3|SVN,0.15873623882255744
Solar|PVInvest4|SVN,0.15870986999333594
Wind|WINDInvest0|SVN,0.022134899122655326
Wind|WINDInvest1|SVN,0.022134899122655326
Wind|WINDInvest2|SVN,0.02213489912265533
Wind|WINDInvest3|SVN,0.02213489912265533
Wind|WINDInvest4|SVN,0.02213489912265533
Solar|PVInvest0|SWE,0.1515561050486446
Solar|PVInvest1|SWE,0.1415819075044938
Solar|PVInvest2|SWE,0.13481469704870214
Solar|PVInvest3|SWE,0.1314595243112537
Solar|PVInvest4|SWE,0.1304924923087974
Wind|WINDInvest0|SWE,0.2202240213398488
Wind|WINDInvest1|SWE,0.20703094093435742
Wind|WINDInvest2|SWE,0.17091587966433186
Wind|WINDInvest3|SWE,0.1414045528626314
Wind|WINDInvest4|SWE,0.134418771727908
Wind|WIND_OFFSHOREInvest0|SWE,0.5274359836683526
Wind|WIND_OFFSHOREInvest1|SWE,0.5209372544289955
Wind|WIND_OFFSHOREInvest2|SWE,0.5155551150887137
Wind|WIND_OFFSHOREInvest3|SWE,0.5121317596348752
Wind|WIND_OFFSHOREInvest4|SWE,0.5080533357222482
Solar|PVInvest0|SWZ,0.23052352482154045
Solar|PVInvest1|SWZ,0.23052352482136504
Solar|PVInvest2|SWZ,0.2305235248213346
Solar|PVInvest3|SWZ,0.23052352482191363
Solar|PVInvest4|SWZ,0.22728863914375239
Solar|PVInvest0|SYR,0.22993068013860612
Solar|PVInvest1|SYR,0.22555267065922827
Solar|PVInvest2|SYR,0.222596853648498
Solar|PVInvest3|SYR,0.21199983181505408
Solar|PVInvest4|SYR,0.20713178343020372
Wind|WINDInvest0|SYR,0.21744645015649428
Wind|WINDInvest1|SYR,0.21744645015646233
Wind|WINDInvest2|SYR,0.21744645015652628
Wind|WINDInvest3|SYR,0.2174464501556567
Wind|WINDInvest4|SYR,0.21744645015720088
Wind|WIND_OFFSHOREInvest0|SYR,0.2539787211236764
Wind|WIND_OFFSHOREInvest1|SYR,0.2539787211236764
Wind|WIND_OFFSHOREInvest2|SYR,0.2539787211236764
Wind|WIND_OFFSHOREInvest3|SYR,0.2539787211236764
Wind|WIND_OFFSHOREInvest4|SYR,0.2539787211236764
Solar|PVInvest0|TCA,0.2689903708837954
Solar|PVInvest1|TCA,0.2689903708837954
Solar|PVInvest2|TCA,0.2689903708837954
Solar|PVInvest3|TCA,0.2689903708837954
Solar|PVInvest4|TCA,0.2689903708837954
Solar|PVInvest0|TCD,0.25815925693086555
Solar|PVInvest1|TCD,0.2505814225210562
Solar|PVInvest2|TCD,0.24985356248919308
Solar|PVInvest3|TCD,0.2487896765864956
Solar|PVInvest4|TCD,0.24801381378252718
Wind|WINDInvest0|TCD,0.24951722683727046
Wind|WINDInvest1|TCD,0.24951722683726943
Wind|WINDInvest2|TCD,0.24951722683700572
Wind|WINDInvest3|TCD,0.247221320894643
Wind|WINDInvest4|TCD,0.24396409396382565
Solar|PVInvest0|TGO,0.2248463014850912
Solar|PVInvest1|TGO,0.22103864248964927
Solar|PVInvest2|TGO,0.22103864248949004
Solar|PVInvest3|TGO,0.2207384334947126
Solar|PVInvest4|TGO,0.21980152340212922
Solar|PVInvest0|THA,0.24378954551196866
Solar|PVInvest1|THA,0.22568949544866632
Solar|PVInvest2|THA,0.221376039756137
Solar|PVInvest3|THA,0.21779596393611564
Solar|PVInvest4|THA,0.21670283527637677
Wind|WINDInvest0|THA,0.09186714395667782
Wind|WINDInvest1|THA,0.08599255079727966
Wind|WINDInvest2|THA,0.06728741455309094
Wind|WINDInvest3|THA,0.05971140290759829
Wind|WINDInvest4|THA,0.0566314629867163
Solar|PVInvest0|TJK,0.2200907555775702
Solar|PVInvest1|TJK,0.2173546923781532
Solar|PVInvest2|TJK,0.21631018647546482
Solar|PVInvest3|TJK,0.21541325058724628
Solar|PVInvest4|TJK,0.21191123499899253
Wind|WINDInvest0|TJK,0.008163191980089033
Wind|WINDInvest1|TJK,0.00816319197999628
Wind|WINDInvest2|TJK,0.008163191980181922
Wind|WINDInvest3|TJK,0.008163191980089076
Wind|WINDInvest4|TJK,0.008163191980089076
Solar|PVInvest0|TKM,0.21778573935888237
Solar|PVInvest1|TKM,0.21543777615723939
Solar|PVInvest2|TKM,0.21481975780208049
Solar|PVInvest3|TKM,0.21333573280650567
Solar|PVInvest4|TKM,0.2128413573663268
Wind|WINDInvest0|TKM,0.33311499183676463
Wind|WINDInvest1|TKM,0.2577939788843257
Wind|WINDInvest2|TKM,0.2366863590113962
Wind|WINDInvest3|TKM,0.22963196727210716
Wind|WINDInvest4|TKM,0.22223256331540753
Wind|WIND_OFFSHOREInvest0|TKM,0.4660388837658131
Wind|WIND_OFFSHOREInvest1|TKM,0.46603888376581326
Wind|WIND_OFFSHOREInvest2|TKM,0.4660388837628233
Wind|WIND_OFFSHOREInvest3|TKM,0.46603888376880287
Wind|WIND_OFFSHOREInvest4|TKM,0.46603888376580155
Solar|PVInvest0|TTO,0.26825625154063243
Solar|PVInvest1|TTO,0.26216962208937566
Solar|PVInvest2|TTO,0.26216962208931194
Solar|PVInvest3|TTO,0.2621696220890433
Solar|PVInvest4|TTO,0.26216962208957806
Wind|WIND_OFFSHOREInvest0|TTO,0.4919446315052166
Wind|WIND_OFFSHOREInvest1|TTO,0.4383756596552473
Wind|WIND_OFFSHOREInvest2|TTO,0.4242711331736892
Wind|WIND_OFFSHOREInvest3|TTO,0.4242711331736892
Wind|WIND_OFFSHOREInvest4|TTO,0.4242711331736892
Solar|PVInvest0|TUN,0.2161385516285588
Solar|PVInvest1|TUN,0.20141941703432606
Solar|PVInvest2|TUN,0.19188583599167622
Solar|PVInvest3|TUN,0.19123303498727118
Solar|PVInvest4|TUN,0.18847341230647197
Wind|WINDInvest0|TUN,0.23724137133460793
Wind|WINDInvest1|TUN,0.23720921564099015
Wind|WINDInvest2|TUN,0.23638488973578067
Wind|WINDInvest3|TUN,0.23517936750363547
Wind|WINDInvest4|TUN,0.2156924396081385
Wind|WIND_OFFSHOREInvest0|TUN,0.38591547353922684
Wind|WIND_OFFSHOREInvest1|TUN,0.385915473538953
Wind|WIND_OFFSHOREInvest2|TUN,0.38591547353782407
Wind|WIND_OFFSHOREInvest3|TUN,0.3859154735409033
Wind|WIND_OFFSHOREInvest4|TUN,0.37871879861224556
Solar|PVInvest0|TUR,0.23078779870715405
Solar|PVInvest1|TUR,0.21890950993421818
Solar|PVInvest2|TUR,0.2133407434048116
Solar|PVInvest3|TUR,0.21122379332975394
Solar|PVInvest4|TUR,0.20867152882172854
Wind|WINDInvest0|TUR,0.059133470100757535
Wind|WINDInvest1|TUR,0.05913347010072998
Wind|WINDInvest2|TUR,0.059133470100756834
Wind|WINDInvest3|TUR,0.05661114267951337
Wind|WINDInvest4|TUR,0.0446152777871039
Wind|WIND_OFFSHOREInvest0|TUR,0.40639910999713974
Wind|WIND_OFFSHOREInvest1|TUR,0.40639910999789686
Wind|WIND_OFFSHOREInvest2|TUR,0.4063991099868622
Wind|WIND_OFFSHOREInvest3|TUR,0.4063991100082491
Wind|WIND_OFFSHOREInvest4|TUR,0.40639910999756595
Solar|PVInvest0|TWN,0.24197728561848417
Solar|PVInvest1|TWN,0.23034915773093395
Solar|PVInvest2|TWN,0.2262450379552928
Solar|PVInvest3|TWN,0.21003476730664317
Solar|PVInvest4|TWN,0.20731401658923657
Wind|WINDInvest0|TWN,0.15989379245622037
Wind|WINDInvest1|TWN,0.15989379245858576
Wind|WINDInvest2|TWN,0.159893792457474
Wind|WINDInvest3|TWN,0.1598937924574798
Wind|WINDInvest4|TWN,0.15989379245744
Wind|WIND_OFFSHOREInvest0|TWN,0.5798429477803067
Wind|WIND_OFFSHOREInvest1|TWN,0.5798429477803012
Wind|WIND_OFFSHOREInvest2|TWN,0.5770224058608252
Wind|WIND_OFFSHOREInvest3|TWN,0.5760348652765366
Wind|WIND_OFFSHOREInvest4|TWN,0.5760348652766887
Solar|PVInvest0|TZA,0.26513301087621294
Solar|PVInvest1|TZA,0.2576817572375126
Solar|PVInvest2|TZA,0.2527370258480859
Solar|PVInvest3|TZA,0.24980493156478867
Solar|PVInvest4|TZA,0.24732342275969973
Wind|WINDInvest0|TZA,0.0657731722124422
Wind|WINDInvest1|TZA,0.06577317221418988
Wind|WINDInvest2|TZA,0.06577317221332236
Wind|WINDInvest3|TZA,0.06577317221331815
Wind|WINDInvest4|TZA,0.06577317221331813
Solar|PVInvest0|UGA,0.252424333579365
Solar|PVInvest1|UGA,0.24551061658503978
Solar|PVInvest2|UGA,0.24366898179345545
Solar|PVInvest3|UGA,0.24264251073066367
Solar|PVInvest4|UGA,0.2420422742484636
Wind|WINDInvest0|UGA,0.008986110781363263
Wind|WINDInvest1|UGA,0.008986110781342515
Wind|WINDInvest2|UGA,0.008986110781376991
Wind|WINDInvest3|UGA,0.008986110781369147
Wind|WINDInvest4|UGA,0.008986110781363068
Solar|PVInvest0|UKR,0.18044040941210698
Solar|PVInvest1|UKR,0.1685375640343956
Solar|PVInvest2|UKR,0.15999102348564492
Solar|PVInvest3|UKR,0.15320991857597827
Solar|PVInvest4|UKR,0.14953535439623716
Wind|WINDInvest0|UKR,0.17009132601087348
Wind|WINDInvest1|UKR,0.1539689409920297
Wind|WINDInvest2|UKR,0.13278479348127584
Wind|WINDInvest3|UKR,0.12367104701136886
Wind|WINDInvest4|UKR,0.11760001762539854
Wind|WIND_OFFSHOREInvest0|UKR,0.4313963865144937
Wind|WIND_OFFSHOREInvest1|UKR,0.43139638651449375
Wind|WIND_OFFSHOREInvest2|UKR,0.43139638651449386
Wind|WIND_OFFSHOREInvest3|UKR,0.43139638651449375
Wind|WIND_OFFSHOREInvest4|UKR,0.42080652035149163
Solar|PVInvest0|URY,0.21252876448977698
Solar|PVInvest1|URY,0.20986532473836997
Solar|PVInvest2|URY,0.20708910703682343
Solar|PVInvest3|URY,0.20661110232761712
Solar|PVInvest4|URY,0.2060357788881182
Wind|WINDInvest0|URY,0.193640576576457
Wind|WINDInvest1|URY,0.19364057657633252
Wind|WINDInvest2|URY,0.19364057657658154
Wind|WINDInvest3|URY,0.16335395699903235
Wind|WINDInvest4|URY,0.15561078518003602
Wind|WIND_OFFSHOREInvest0|URY,0.5789436835054089
Wind|WIND_OFFSHOREInvest1|URY,0.5694503909219781
Wind|WIND_OFFSHOREInvest2|URY,0.5694503909221881
Wind|WIND_OFFSHOREInvest3|URY,0.5694503909248372
Wind|WIND_OFFSHOREInvest4|URY,0.5694503909230011
Solar|PVInvest0|USA,0.2541891419271161
Solar|PVInvest1|USA,0.24455134236024825
Solar|PVInvest2|USA,0.23822703882527194
Solar|PVInvest3|USA,0.2317115763212041
Solar|PVInvest4|USA,0.22660481226104612
Wind|WINDInvest0|USA,0.35140800065973143
Wind|WINDInvest1|USA,0.26429728795263835
Wind|WINDInvest2|USA,0.25651482691905836
Wind|WINDInvest3|USA,0.25061258861497737
Wind|WINDInvest4|USA,0.24109932853734858
Wind|WIND_OFFSHOREInvest0|USA,0.682138378294899
Wind|WIND_OFFSHOREInvest1|USA,0.6428033536798952
Wind|WIND_OFFSHOREInvest2|USA,0.6153605474606728
Wind|WIND_OFFSHOREInvest3|USA,0.6033381279783013
Wind|WIND_OFFSHOREInvest4|USA,0.583967567308906
Solar|PVInvest0|UZB,0.21837921593323292
Solar|PVInvest1|UZB,0.21194268770293864
Solar|PVInvest2|UZB,0.2108923286689821
Solar|PVInvest3|UZB,0.21033986743445465
Solar|PVInvest4|UZB,0.21002867525241148
Wind|WINDInvest0|UZB,0.31129868113806164
Wind|WINDInvest1|UZB,0.3019035345753676
Wind|WINDInvest2|UZB,0.294612858853242
Wind|WINDInvest3|UZB,0.2780417407784908
Wind|WINDInvest4|UZB,0.2694205124008447
Solar|PVInvest0|VCT,0.27650875448032225
Solar|PVInvest1|VCT,0.27650875448032225
Solar|PVInvest2|VCT,0.27650875448032225
Solar|PVInvest3|VCT,0.27650875448032225
Solar|PVInvest4|VCT,0.27650875448032225
Wind|WIND_OFFSHOREInvest0|VCT,0.5512839743405037
Wind|WIND_OFFSHOREInvest1|VCT,0.5512839743405037
Wind|WIND_OFFSHOREInvest2|VCT,0.5512839743405037
Wind|WIND_OFFSHOREInvest3|VCT,0.5512839743405037
Wind|WIND_OFFSHOREInvest4|VCT,0.5512839743405037
Solar|PVInvest0|VEN,0.25320501334108403
Solar|PVInvest1|VEN,0.2369212277621906
Solar|PVInvest2|VEN,0.2342206929442391
Solar|PVInvest3|VEN,0.23210783641855667
Solar|PVInvest4|VEN,0.2298593563427139
Wind|WINDInvest0|VEN,0.11075837157123616
Wind|WINDInvest1|VEN,0.10808552109825922
Wind|WINDInvest2|VEN,0.08852628835000495
Wind|WINDInvest3|VEN,0.0780567730299574
Wind|WINDInvest4|VEN,0.07795532023829523
Wind|WIND_OFFSHOREInvest0|VEN,0.5112850008370116
Wind|WIND_OFFSHOREInvest1|VEN,0.5036571626993408
Wind|WIND_OFFSHOREInvest2|VEN,0.4471563273548028
Wind|WIND_OFFSHOREInvest3|VEN,0.44455066714879393
Wind|WIND_OFFSHOREInvest4|VEN,0.4440879056667468
Solar|PVInvest0|VIR,0.27289161277227925
Solar|PVInvest1|VIR,0.27289161277227925
Solar|PVInvest2|VIR,0.27289161277227925
Solar|PVInvest3|VIR,0.27289161277227925
Solar|PVInvest4|VIR,0.27289161277227925
Solar|PVInvest0|VNM,0.24073386349094078
Solar|PVInvest1|VNM,0.23050721973567753
Solar|PVInvest2|VNM,0.22681572643372366
Solar|PVInvest3|VNM,0.22110841359871544
Solar|PVInvest4|VNM,0.21832930736643455
Wind|WINDInvest0|VNM,0.13134825960756574
Wind|WINDInvest1|VNM,0.11902959765408296
Wind|WINDInvest2|VNM,0.09628233705975041
Wind|WINDInvest3|VNM,0.09537804935421094
Wind|WINDInvest4|VNM,0.09028395943218356
Wind|WIND_OFFSHOREInvest0|VNM,0.5634598101230168
Wind|WIND_OFFSHOREInvest1|VNM,0.5567890557931813
Wind|WIND_OFFSHOREInvest2|VNM,0.5416897725830501
Wind|WIND_OFFSHOREInvest3|VNM,0.5416897725824246
Wind|WIND_OFFSHOREInvest4|VNM,0.5374442316780544
Solar|PVInvest0|VUT,0.19781163113303268
Solar|PVInvest1|VUT,0.1967216096706015
Solar|PVInvest2|VUT,0.19566952076142188
Solar|PVInvest3|VUT,0.1954999811542418
Solar|PVInvest4|VUT,0.1953018672869071
Wind|WIND_OFFSHOREInvest0|VUT,0.40541519563322453
Wind|WIND_OFFSHOREInvest1|VUT,0.3965267603656366
Wind|WIND_OFFSHOREInvest2|VUT,0.3887342619006207
Wind|WIND_OFFSHOREInvest3|VUT,0.3877198791965064
Wind|WIND_OFFSHOREInvest4|VUT,0.38771987919650586
Solar|PVInvest0|YEM,0.2568432521561354
Solar|PVInvest1|YEM,0.25356355806998926
Solar|PVInvest2|YEM,0.24910409346887372
Solar|PVInvest3|YEM,0.24332025026968837
Solar|PVInvest4|YEM,0.2402539515952837
Wind|WINDInvest0|YEM,0.12556356762037654
Wind|WINDInvest1|YEM,0.12556356762037651
Wind|WINDInvest2|YEM,0.12556356762037638
Wind|WINDInvest3|YEM,0.12556356762037676
Wind|WINDInvest4|YEM,0.12556356762037654
Wind|WIND_OFFSHOREInvest0|YEM,0.5284024672563898
Wind|WIND_OFFSHOREInvest1|YEM,0.5191067180896025
Wind|WIND_OFFSHOREInvest2|YEM,0.519106718089604
Wind|WIND_OFFSHOREInvest3|YEM,0.5023323329628233
Wind|WIND_OFFSHOREInvest4|YEM,0.49395236791974745
Solar|PVInvest0|ZAF,0.26378982786280103
Solar|PVInvest1|ZAF,0.2610300030500201
Solar|PVInvest2|ZAF,0.2589278012262228
Solar|PVInvest3|ZAF,0.2575895827767372
Solar|PVInvest4|ZAF,0.25614526402192733
Wind|WINDInvest0|ZAF,0.23498225812191287
Wind|WINDInvest1|ZAF,0.23498225812192441
Wind|WINDInvest2|ZAF,0.23262754377963868
Wind|WINDInvest3|ZAF,0.23102039871141433
Wind|WINDInvest4|ZAF,0.22017556706862879
Wind|WIND_OFFSHOREInvest0|ZAF,0.6429594868924418
Wind|WIND_OFFSHOREInvest1|ZAF,0.6403024434390474
Wind|WIND_OFFSHOREInvest2|ZAF,0.6352854953377438
Wind|WIND_OFFSHOREInvest3|ZAF,0.6137109502041522
Wind|WIND_OFFSHOREInvest4|ZAF,0.6117396395964482
Solar|PVInvest0|ZMB,0.2640203406287358
Solar|PVInvest1|ZMB,0.2617419413867704
Solar|PVInvest2|ZMB,0.26037053272918476
Solar|PVInvest3|ZMB,0.258555041487505
Solar|PVInvest4|ZMB,0.2576391615755556
Wind|WINDInvest0|ZMB,0.06170130073895154
Wind|WINDInvest1|ZMB,0.06170130073895139
Wind|WINDInvest2|ZMB,0.06170130073892246
Wind|WINDInvest3|ZMB,0.05642639254398557
Wind|WINDInvest4|ZMB,0.056290120822011465
Solar|PVInvest0|ZWE,0.2698763219871189
Solar|PVInvest1|ZWE,0.2659838316833755
Solar|PVInvest2|ZWE,0.2626370758198375
Solar|PVInvest3|ZWE,0.26180221467188153
Solar|PVInvest4|ZWE,0.2615058114818566
Wind|WINDInvest0|ZWE,0.06791659631885509
Wind|WINDInvest1|ZWE,0.0679165963188551
Wind|WINDInvest2|ZWE,0.06791659631885509
Wind|WINDInvest3|ZWE,0.06581251989993252
Wind|WINDInvest4|ZWE,0.05813902335375051
